SMILES,MP_pred,MP_targ
C#CC(O)COc1cccc(C(F)(F)F)c1,297.40909090909093,304.6499938964844
C1CCNCC1,248.5681818181818,260.1499938964844
C=C(C)Br,150.54545454545453,147.14999389648438
C=C(C)C(=O)OCCCCCCCC,228.2159090909091,230.3000030517578
C=C(C)C(=O)OCCN(CC)CC,231.6818181818182,207.64999389648438
C=C(C)CC,128.8181818181818,135.64999389648438
C=C(C)CC1(CC)C(=O)NC(=S)NC1=O,435.22727272727275,433.1499938964844
C=C(C)CCCCCC,195.3068181818182,195.34999084472656
C=C=CCC,122.4090909090909,135.84999084472656
C=CC(=O)OCCN(CC)CC,232.35227272727272,213.14999389648438
C=CC1CN2CCC1CC2C(O)c1ccnc2ccc(OC)cc12,435.22727272727275,443.1499938964844
C=CCCCCCCC(=O)O,270.79545454545456,278.1499938964844
C=CCCCCCCCCCCCC,261.4318181818182,260.260009765625
C=CCNC(N)=O,372.75,358.1499938964844
C=CCOC(=O)CCC,184.82954545454547,193.14999389648438
C=COCC(CC)CCCC,187.8068181818182,173.14999389648438
CC#CCC,158.23863636363637,163.84999084472656
CC(=CC=Cc1ccccc1)C(=O)OC(=O)C(C)=CC=Cc1ccccc1,381.20454545454544,385.6499938964844
CC(=O)Br,184.38636363636363,176.64999389648438
CC(=O)C(N=O)=C(O)c1ccccc1,409.34090909090907,402.1499938964844
CC(=O)N(C)c1ccccc1C,328.9318181818182,328.6499938964844
CC(=O)N1CCCC(C)C1,252.86363636363637,259.54998779296875
CC(=O)N=c1sc(S(N)(=O)=O)nn1C,503.40909090909093,486.6499938964844
CC(=O)Nc1ccc(C(=Cc2ccccc2NC(C)=O)C(=O)O)cc1,524.3636363636364,513.1500244140625
CC(=O)Nc1ccc(I)cc1,450.1363636363636,457.20001220703125
CC(=O)Nc1cccc(Cl)c1,367.3181818181818,353.1499938964844
CC(=O)Nc1cccc(F)c1,362.0,356.1499938964844
CC(=O)Nc1cccc(NCC(=O)c2ccccc2)c1,448.1818181818182,444.1499938964844
CC(=O)Nc1ccccc1,364.1136363636364,387.6499938964844
CC(=O)Nc1ccccc1[N+](=O)[O-],372.8863636363636,367.20001220703125
CC(=O)Nc1nc2c(ncn2COCCO)c(=O)[nH]1,517.0227272727273,490.20001220703125
CC(=O)O,246.9318181818182,289.75
CC(=O)OC(C(=O)Cl)c1ccccc1,316.4318181818182,309.1499938964844
CC(=O)OCCOc1cc(OCCOC(C)=O)c([N+](=O)[O-])cc1[N+](=O)[O-],379.04545454545456,363.6499938964844
CC(=O)OCc1ccc2c(c1)OCO2,319.15909090909093,324.1499938964844
CC(=O)Oc1cccc2ccccc12,334.6136363636364,317.6499938964844
CC(=O)c1cc(C)ccc1C,266.3181818181818,255.0500030517578
CC(=O)c1ccc(C)nc1,293.8181818181818,290.75
CC(=O)c1ccc(Cl)cc1Cl,299.54545454545456,306.6499938964844
CC(=O)c1cccc2ccccc12,312.77272727272725,307.1499938964844
CC(=O)c1ccccc1[N+](=O)[O-],290.15909090909093,301.20001220703125
CC(C#N)c1ccccc1[N+](=O)[O-],299.97727272727275,323.6499938964844
CC(C)(C)CC(C)(C)S,206.0,199.14999389648438
CC(C)(C)OC(=O)N1CCC(=O)C1,318.52272727272725,309.1499938964844
CC(C)(C)OC(=O)NC(CC(=O)O)Cc1ccccc1,385.8181818181818,377.1499938964844
CC(C)(C)OC(=O)n1ccnc1,324.8636363636364,319.1499938964844
CC(C)(C)c1cccc(O)c1,304.0,315.45001220703125
CC(C)(C)c1ccccc1,217.77272727272728,215.35000610351562
CC(C)(C=O)C(c1ccccc1)C(C(=O)O)C(=O)O,423.45454545454544,426.1499938964844
CC(C)(CCl)C(=O)O,301.47727272727275,314.6499938964844
CC(C)(O)Cc1ccc(Cl)cc1,298.3863636363636,307.1499938964844
CC(C)(O)c1ccc(-c2ccccc2)cc1,357.09090909090907,364.6499938964844
CC(C)(Oc1ccc(C2CC2(Cl)Cl)cc1)C(=O)O,393.90909090909093,388.1499938964844
CC(C)=CCN1CCC2(C)c3cc(O)ccc3CC1C2C,405.3636363636364,419.1499938964844
CC(C)C(C)C(C)C,163.22727272727272,163.9499969482422
CC(C)C(C)C=CC(C)C1CCC2C3=CC=C4CC(O)CCC4(C)C3CCC21C,440.77272727272725,443.1499938964844
CC(C)C1=C(O)C(=O)C2=C(C(=O)CC3C(C)(C)CCCC23C)C1=O,481.72727272727275,470.6499938964844
CC(C)CC(C)C,150.0909090909091,153.25
CC(C)CCBr,180.22727272727272,161.14999389648438
CC(C)CCCC(=O)O,249.67045454545453,248.14999389648438
CC(C)NCC(O)COc1cccc2[nH]ccc12,400.54545454545456,443.1499938964844
CC(C)OC(=O)COc1cc(Cl)c(Cl)cc1Cl,325.65909090909093,318.1499938964844
CC(C)OCCO,201.70454545454547,213.14999389648438
CC(C)S,156.45454545454547,142.7100067138672
CC(C)Sc1cc(SC(C)C)c(SC(C)C)cc1SC(C)C,334.79545454545456,350.1499938964844
CC(C)c1ccccc1O[S+2]([O-])([O-])c1ccc([N+](=O)[O-])cc1,378.22727272727275,372.1499938964844
CC(CC(C(N)=O)(c1ccccc1)c1ccccc1)N(C)C,401.70454545454544,410.1499938964844
CC(CCC(=O)O)C1CCC2C3C(O)CC4CC(O)CCC4(C)C3CC(O)C12C,491.47727272727275,471.1499938964844
CC(CCc1oc2ccc(C)cc2c1-c1ccc(C)o1)=NO,379.79545454545456,376.6499938964844
CC(Cc1ccccc1)NC(C#N)c1ccccc1,346.34090909090907,359.1499938964844
CC(O)C#CC#CC#CC#CCCCCCCCC(=O)O,352.04545454545456,370.1499938964844
CC(O)C1(O)CCC2C3CCC4(C)CC(O)CCC4(C)C3CCC21C,494.9318181818182,492.1499938964844
CC(O)COC(C)(C)C,197.39772727272728,217.14999389648438
CC(O)c1ccc(-c2ccccc2)cc1,354.1136363636364,370.1499938964844
CC1(C(=O)Nc2ccc(O)c(Cl)c2Cl)CCCCC1,433.72727272727275,426.1499938964844
CC1(C)CCCC(O)C1,271.34090909090907,284.6499938964844
CC1(C)OC(=O)C(=Cc2ccc(-c3ccc(Br)cc3)o2)C(=O)O1,461.5681818181818,454.6499938964844
CC1(C)OC(=O)C(=Cc2cccc([N+](=O)[O-])c2)C(=O)O1,453.5,449.6499938964844
CC12CCC(=O)C=C1CCC1C3CCC(O)(C(=O)CO)C3(C)CC(O)C12F,501.1136363636364,534.1500244140625
CC12CCC(C(Br)(CBr)C1=O)C2(C)C,376.75,381.6499938964844
CC12CCC3C(CC=C4CC(O)CCC43C)C1CCC2=O,487.65909090909093,413.6499938964844
CC12CCC3C(CCC4CC(O)CCC43C)C1CCC2O,442.20454545454544,440.1499938964844
CC1=C(C(=O)OCC(C)C)C(c2ccccc2)NC(=S)N1,444.04545454545456,426.1499938964844
CC1=C(C(=O)OCc2ccccc2)C(c2ccccc2)NC(=S)N1,462.8636363636364,448.3500061035156
CC1CCC(C(C)C)C(OC(=O)c2ccc3ccccc3c2)C1,349.3181818181818,348.6499938964844
CC=CCCC,131.79545454545453,140.14999389648438
CCC(=O)O,252.47727272727272,251.64999389648438
CCC(=O)OC,192.9659090909091,185.92999267578125
CCC(Br)CBr,210.8409090909091,208.14999389648438
CCC(C)=O,199.61363636363637,186.8699951171875
CCC(C)CC(C)(C)C,160.5340909090909,153.14999389648438
CCC(C)OC(C)CC,181.625,173.14999389648438
CCC(CC)(CC)OO,273.3636363636364,275.6499938964844
CCC(CC)COC(C)=O,181.89772727272728,173.14999389648438
CCC(COC(=O)CCC([N+](=O)[O-])([N+](=O)[O-])[N+](=O)[O-])([N+](=O)[O-])[N+](=O)[O-],346.15909090909093,352.6499938964844
CCC(Cl)CC,169.0909090909091,168.14999389648438
CCC1(C)CC1,131.04545454545453,142.9499969482422
CCC1(C2=CC3CCC(C2)C3)C(=O)NC(=O)NC1=O,453.90909090909093,486.1499938964844
CCC1(C2=CCCCCC2)C(=O)NC(=O)NC1=O,440.90909090909093,447.1499938964844
CCC1=CCCC1,148.2159090909091,154.64999389648438
CCC1CCC1,139.3068181818182,130.25
CCC=C(C)C,142.38636363636363,138.14999389648438
CCCC,116.18181818181819,134.75
CCCC(=O)C(=O)O,291.79545454545456,279.6499938964844
CCCC(=O)N(CSP(=S)(OC)OC)c1ccccc1Cl,308.6136363636364,315.1499938964844
CCCC(=O)Nc1ccc(OCC(O)CNC(C)C)c(C(C)=O)c1,399.54545454545456,392.1499938964844
CCCC(=O)OCC,178.88636363636363,180.3699951171875
CCCC(=O)OCCC(C)C,190.79545454545453,199.9499969482422
CCCC(=O)c1ccc(C)cc1,272.09090909090907,285.1499938964844
CCCC(c1ccc(O)cc1)c1ccc(O)cc1,422.09090909090907,410.1499938964844
CCCC1CCCCC1,175.5340909090909,178.14999389648438
CCCCC(=O)OC,186.60227272727272,182.4499969482422
CCCCC(C(=O)O)C(=O)N(Nc1ccccc1)c1ccccc1,401.3181818181818,389.1499938964844
CCCCC(CC)CC,158.26136363636363,158.25
CCCCC(CC)CO,202.625,197.0399932861328
CCCCC1CCCCC1,191.72727272727272,198.4499969482422
CCCCCC(=O)Cl,183.64772727272728,186.14999389648438
CCCCCC(C)(C)C,169.23863636363637,160.14999389648438
CCCCCC1CCCCC1,209.88636363636363,215.64999389648438
CCCCCCC#CC(=O)O,289.25,265.1499938964844
CCCCCCC1CCCCC1,227.2840909090909,230.14999389648438
CCCCCCCC(=O)OCCCC,223.27272727272728,230.25
CCCCCCCCC(=O)OC,243.5568181818182,238.14999389648438
CCCCCCCCC(=O)OCC,238.76136363636363,228.64999389648438
CCCCCCCCC(C)C,214.9090909090909,224.25
CCCCCCCCCC(C)=O,284.72727272727275,288.1499938964844
CCCCCCCCCC(O)CC,289.72727272727275,298.1499938964844
CCCCCCCCCC1CCCC1,244.23863636363637,244.14999389648438
CCCCCCCCCC=CC(=O)O,308.95454545454544,290.25
CCCCCCCCCCCC(C)O,295.45454545454544,296.1499938964844
CCCCCCCCCCCCC(C)C,260.3636363636364,264.8500061035156
CCCCCCCCCCCCC1CO1,301.6363636363636,293.1499938964844
CCCCCCCCCCCCCCCC(=O)O,330.29545454545456,334.95001220703125
CCCCCCCCCCCCCCCC(=O)OC(C)C,292.52272727272725,286.6499938964844
CCCCCCCCCCCCCCCC1CCCCC1,300.3863636363636,302.1499938964844
CCCCCCCCCCCCCCCCC(=O)OCC,303.3636363636364,301.1499938964844
CCCCCCCCCCCCCCCCCC(=O)Cl,297.5,296.1499938964844
CCCCCCCCCCCCCCCCCC(=O)OCC(O)CO,342.59090909090907,330.1499938964844
CCCCCCCCCCCCCCCCCCCC(=O)OC,320.29545454545456,327.6499938964844
CCCCCCCCCCCCCCCCCCCCCCBr,328.22727272727275,317.20001220703125
CCCCCCCCCCCCCCCCCCCCCCCCCCCCO,359.79545454545456,356.42999267578125
CCCCCCCCCCCCCCCCCCCCO,339.1363636363636,339.25
CCCCCCCCCCCCCCCCCCN,322.6363636363636,326.04998779296875
CCCCCCCCCCCCCCCCCCN=C=O,319.90909090909093,293.1499938964844
CCCCCCCCCCCCCCCCCCS(=O)(=O)Cl,334.34090909090907,331.1499938964844
CCCCCCCCCCCCCCCCCC[Si](OC)(OC)OC,302.72727272727275,288.1499938964844
CCCCCCCCCCCCCCCCCN,318.5681818181818,322.1499938964844
CCCCCCCCCCCCCCCCO,321.40909090909093,322.45001220703125
CCCCCCCCCCCCCCOCC(O)CO,327.5681818181818,331.29998779296875
CCCCCCCCCCCCCCSCC(O)CO,330.1136363636364,336.3999938964844
CCCCCCCCCCCCCNCC(O)CO,354.4318181818182,354.8999938964844
CCCCCCCCCCCCNCC(O)CO,350.4318181818182,351.8999938964844
CCCCCCCCCCCOCC(O)CO,313.1363636363636,311.70001220703125
CCCCCCCCCCCc1ccccc1,263.97727272727275,268.1499938964844
CCCCCCCCCCNCC(O)CO,342.09090909090907,346.6000061035156
CCCCCCCCCCSCC(O)CO,311.75,311.8999938964844
CCCCCCCCCN,267.8181818181818,272.1499938964844
CCCCCCCCNCC(O)CO,331.6136363636364,335.8999938964844
CCCCCCCI,216.5909090909091,224.9499969482422
CCCCCCCOC(=O)CCC,208.75,215.64999389648438
CCCCCCCOc1ccc(O)cc1,329.72727272727275,333.1499938964844
CCCCCCOc1ccc(O)cc1,327.3863636363636,318.1499938964844
CCCCCOC(=O)C1=C(C)NC(=O)NC1c1ccco1,428.25,439.54998779296875
CCCCN(C(C)=O)c1ccccc1,298.54545454545456,297.6499938964844
CCCCNC(=O)NS(=O)(=O)c1ccc(C)cc1,396.6818181818182,401.6499938964844
CCCCNCC,198.63636363636363,195.3699951171875
CCCCOC(=O)C1(O)c2ccccc2-c2ccccc21,332.6363636363636,343.8999938964844
CCCCOC(=O)COC(=O)c1ccccc1C(=O)OCCCC,238.6590909090909,238.14999389648438
CCCCOc1ccc(O)cc1,322.75,338.6499938964844
CCCOC(=O)CCCCC(=O)OCCC,244.17045454545453,253.14999389648438
CCCOCC,149.2840909090909,145.64999389648438
CCCOc1ccccc1OCC(O)CO,340.70454545454544,343.1499938964844
CCCc1cccc2ccccc12,250.51136363636363,264.54998779296875
CCCc1ccccc1,183.38636363636363,174.14999389648438
CCCc1ccccc1C(=O)O,334.72727272727275,331.20001220703125
CCN(CC)C(=O)C1=C(C)NC(=O)NC1c1ccccc1,471.6363636363636,454.1499938964844
CCN(CC)C(=O)c1ccccc1CC(=O)c1ccccc1C,348.72727272727275,320.3500061035156
CCN(CCO)c1ccc(N=Nc2ccc([N+](=O)[O-])cc2)cc1,434.3636363636364,434.1499938964844
CCNc1nc(Cl)nc(NC(C)(C)C)n1,444.6363636363636,448.6499938964844
CCNc1nc(NC(C)C(C)C)nc(SC)n1,361.09090909090907,338.20001220703125
CCNc1nc2c(cc1C(=O)OCC)c(=O)oc1ccccc12,463.52272727272725,458.6499938964844
CCOC(=O)C(=Cc1ccccc1)c1ccccc1[N+](=O)[O-],358.22727272727275,368.1499938964844
CCOC(=O)C(C#N)=Cc1ccc(-c2ccc(C)cc2)o1,394.8181818181818,396.6499938964844
CCOC(=O)C(C)(C#N)c1ccccc1[N+](=O)[O-],328.52272727272725,341.3500061035156
CCOC(=O)C(CC=C1OC(=O)C(OC)=C1OC)[S+2]([O-])([O-])c1ccccc1,380.9318181818182,373.1499938964844
CCOC(=O)C1N=C(c2ccccc2F)c2cc(Cl)ccc2NC1=O,430.22727272727275,466.6499938964844
CCOC(=O)CC(=O)OCC,235.72727272727272,223.14999389648438
CCOC(=O)COc1cc(Cl)c(Cl)cc1Cl,321.79545454545456,337.1499938964844
CCOC(=O)NC(C)(C)Cc1ccc(Cl)cc1,319.65909090909093,325.8999938964844
CCOC(=O)c1c(SC)nn(C(=O)c2ccc([N+](=O)[O-])cc2)c1N,430.8181818181818,430.6499938964844
CCOC(=O)c1ccc(OC)c(OC)c1,324.8636363636364,316.6499938964844
CCOC(C)=O,185.72727272727272,189.5399932861328
CCOCCOCCOC(C)=O,242.95454545454547,248.14999389648438
CCOP(=O)(N=C1SCCS1)OCC,298.3636363636364,310.1499938964844
CCO[N+](=O)[O-],195.13636363636363,178.5500030517578
CCOc1ccc(NC(C)=O)cc1,415.70454545454544,407.54998779296875
CCOc1cccc(OCC)c1,286.34090909090907,285.54998779296875
CCSC(=O)N(CC)C1CCCCC1,290.72727272727275,284.6499938964844
CC[N+](=O)[O-],186.8409090909091,183.14999389648438
CCc1cc2ccccc2c2ccccc12,355.4318181818182,335.6499938964844
CCc1ccc(C(c2ccc(CC)o2)c2cc3c(cc2[N+](=O)[O-])OCCO3)o1,361.3636363636364,358.6499938964844
CCc1ccc(C)c2ccc(C)c-2c1,287.6136363636364,298.1499938964844
CCc1ccc(N)cc1,273.1136363636364,268.3500061035156
CCc1cccc([N+](=O)[O-])c1,237.60227272727272,235.25
CCc1ccccc1C,205.07954545454547,192.34999084472656
CCn1cc(C(=O)O)c(=O)c2cc(F)c(N3CCNC(C)C3)c(F)c21,491.45454545454544,512.9500122070312
CN(C(=O)[O-])c1ccc(Cl)c(Cl)c1,389.65909090909093,381.3999938964844
CN(C)c1ccc(C2C(C#N)=C(N)SC(N)=C2c2nc3ccccc3s2)cc1,464.02272727272725,484.1499938964844
CN1COCN(Cc2cnc(Cl)s2)C1=N[N+](=O)[O-],405.09090909090907,412.25
CNC(=O)Oc1cccc(C)c1,361.29545454545456,349.70001220703125
CNS(=O)(=O)c1ccc(C)cc1,354.29545454545456,351.6499938964844
COC(=O)C1(C(=O)OC)Cc2c(C)c(C)c(C)c(C)c2C(=O)O1,413.9318181818182,439.25
COC(=O)C1(C(=O)OC)Cc2ccc(C)cc2C(=O)O1,395.3863636363636,393.3500061035156
COC(=O)C1(C(=O)OC)Cc2ccccc2C(=O)O1,386.84090909090907,385.95001220703125
COC(=O)CC#N,249.42045454545453,250.64999389648438
COC(=O)CC(C)CCC1C(C)(O)CCC2C(C)(C)CCCC21C,366.97727272727275,342.95001220703125
COC(=O)CCC(C)C1CCC2C3CCC4CC(=O)CCC4(C)C3CCC12C,424.29545454545456,390.1499938964844
COC(=O)CCCCCCCCCCC(=O)OC,303.15909090909093,305.04998779296875
COC(=O)N(C)C(=O)CSP(C)(=S)OC,313.40909090909093,309.1499938964844
COC(=O)c1c2c(c(C)c3c1CC3=O)C(=O)C2,435.9318181818182,441.1499938964844
COC(=O)c1cc(Cl)ccc1[N+](=O)[O-],310.47727272727275,321.6499938964844
COC(=O)c1cccc(I)c1,323.45454545454544,327.6499938964844
COC(=O)c1cccc(O)c1,350.65909090909093,346.1499938964844
COC(=O)c1ccccc1,246.54545454545453,260.92999267578125
COC(CN1CCN(CC(O)C(OC)c2ccccc2)CC1)c1ccccc1,397.27272727272725,356.1499938964844
COCCOCCOC,222.5,205.3699951171875
COCOC,180.70454545454547,168.14999389648438
COP(=S)(OC)Oc1cc(Cl)c(Br)cc1Cl,316.1363636363636,326.6499938964844
COP(=S)(OC)Oc1cc(Cl)c(Cl)cc1Cl,305.3863636363636,314.260009765625
COP(=S)(OC)SCN1C(=O)c2ccccc2C1=O,332.1363636363636,344.82000732421875
COc1cc(-c2ccc(N)c(OC)c2)ccc1N,435.0681818181818,410.1499938964844
COc1cc(C#N)cc(OC)c1OC,352.22727272727275,366.95001220703125
COc1cc(C(=O)O)cc(O)c1OC,461.4318181818182,468.1499938964844
COc1cc(C(=O)OCCCl)cc(OC)c1OC,346.97727272727275,342.1499938964844
COc1cc(C(=O)c2cccc(C)c2)c([N+](=O)[O-])cc1OC,381.65909090909093,393.6499938964844
COc1cc(Cl)c(Cl)c(Cl)c1Cl,365.0681818181818,357.1499938964844
COc1cc2c(cc1C)C(=O)C2,339.34090909090907,360.6499938964844
COc1ccc(-c2csc(C(C#N)=Cc3ccc(Cl)cc3Cl)n2)cc1,436.0,415.6499938964844
COc1ccc(C(Cl)=C(c2ccc(OC)cc2)c2ccc(OC)cc2)cc1,399.95454545454544,388.1499938964844
COc1ccc(C(O)C(O)c2ccccc2)cc1,398.9318181818182,402.1499938964844
COc1ccc(C(c2ccc(OC)cc2)C(Cl)(Cl)Cl)cc1,371.34090909090907,360.1499938964844
COc1ccc(C=C(Oc2ccc(Cl)cc2)c2nc3ccccc3s2)cc1,431.04545454545456,411.1499938964844
COc1ccc(C=O)c(C(=O)O)c1OC,421.8863636363636,423.1499938964844
COc1ccc(Cl)cc1Cl,310.09090909090907,301.6499938964844
COc1ccc(O)c([N+](=O)[O-])c1,347.47727272727275,351.1499938964844
COc1ccc(OC2OC(CO)C(O)C(O)C2O)cc1,453.29545454545456,431.1499938964844
COc1ccc2c(c1)CC1(CCC(c3ccc(C(C)(C)C)cc3)CC1)C2=O,411.22727272727275,388.6499938964844
COc1ccc2cc([N+](=O)[O-])ccc2c1,403.8863636363636,407.1499938964844
COc1cccc(C(=O)O)c1OC,412.5681818181818,395.1499938964844
COc1cccc(C2C(C(=O)OC(C)C)=C(C)NC(C)=C2C(=O)OC(C)C)c1OC,397.15909090909093,414.3500061035156
COc1cccc(OC)c1O,325.75,329.6499938964844
COc1ccccc1-c1ccc(C=CC(=O)c2ccccc2)o1,369.5,371.6499938964844
COc1ccccc1C#N,295.04545454545456,297.6499938964844
COc1ccccc1C(=S)N1CCCCC1,355.1363636363636,358.1499938964844
COc1ccccc1C=NO,352.02272727272725,365.20001220703125
COc1ccccc1OC(C)=O,306.22727272727275,304.6499938964844
COc1ccccc1[N+](=O)[O-],282.75,283.6499938964844
COc1ccsc1CN(C(=O)CCl)c1c(C)cccc1C,357.45454545454544,346.1499938964844
CSC,178.8409090909091,175.3699951171875
CSC(=N[S+2]([O-])([O-])c1ccc(C)cc1)SC,374.25,382.6499938964844
C[Si](Cl)(Cl)Cl,189.3409090909091,195.3699951171875
Cc1[nH]nc(-c2ccccc2)c1C,357.70454545454544,376.6499938964844
Cc1c(Cl)cccc1[N+](=O)[O-],305.72727272727275,310.95001220703125
Cc1cc(=O)n(-c2ccccc2)n1C,381.1818181818182,385.1499938964844
Cc1cc(=O)n(C)c(=O)n1C,442.22727272727275,384.5
Cc1cc(C(C)(C)C)cc(C(C)(C)C)c1O,326.90909090909093,324.1499938964844
Cc1cc(Cl)cc(Cl)c1Cl,309.6363636363636,318.6499938964844
Cc1cc(N(C)C)ccc1N=Nc1ccccc1,366.84090909090907,341.1499938964844
Cc1ccc(-c2ccc(C=C3C(=O)NC(=O)NC3=O)o2)cc1,537.3636363636364,538.1500244140625
Cc1ccc(-c2ccc(C=C3N=C(c4ccccc4)OC3=O)o2)cc1,421.0681818181818,422.6499938964844
Cc1ccc(-c2onc(C(=O)c3cccs3)c2[S+2]([O-])([O-])c2ccccc2)cc1,391.8636363636364,401.6499938964844
Cc1ccc(Br)cc1N,307.3863636363636,306.1499938964844
Cc1ccc(C(=O)C=Cc2ccc(-c3ccc([N+](=O)[O-])cc3)o2)o1,447.8863636363636,451.6499938964844
Cc1ccc(C(=O)c2ccccc2)cc1C,319.22727272727275,320.6499938964844
Cc1ccc(C(=O)c2ccccc2C(=O)O)cc1,422.25,412.6499938964844
Cc1ccc(C(C)C)c(O)c1,288.8181818181818,323.6499938964844
Cc1ccc(C(O)(c2ccc(C)cc2)C2(C)CCC(C(=O)O)C(C)(C)O2)cc1,434.84090909090907,425.1499938964844
Cc1ccc(C(c2ccc(Br)cc2)c2ccc(C)o2)o1,350.4318181818182,336.6499938964844
Cc1ccc(C)c(C)n1,278.4318181818182,262.0400085449219
Cc1ccc(C)c(NN=C(C#N)c2nc(C)c(N=Nc3ccccc3)s2)c1,475.77272727272725,475.1499938964844
Cc1ccc(NC(=O)C(C(F)(F)F)C(F)(F)F)c(C)c1,471.47727272727275,466.1499938964844
Cc1ccc(O)c(C(O)Cc2ccccc2)c1,366.1136363636364,355.6499938964844
Cc1ccc(O)c(I)c1,312.34090909090907,308.1499938964844
Cc1ccc(OC(=O)c2ccccc2)cc1,350.95454545454544,344.6499938964844
Cc1ccc(OCC(=O)O)cc1,396.22727272727275,413.1499938964844
Cc1ccc([N+](=O)[O-])c(C)c1,262.52272727272725,275.3699951171875
Cc1ccc([N+](=O)[O-])c([N+](=O)[O-])c1[N+](=O)[O-],369.52272727272725,385.1499938964844
Cc1ccc([N+](=O)[O-])cc1[N+](=O)[O-],354.40909090909093,343.29998779296875
Cc1ccc2c(C)c(C)ccc2c1,275.3181818181818,287.1499938964844
Cc1ccc2cc3c(ccc4ccccc43)c3c2c1CC3,444.6363636363636,452.6499938964844
Cc1ccc2cccc(C)c2c1,252.5,259.25
Cc1ccc2ccccc2c1C,282.6136363636364,274.75
Cc1cccc(C)c1NC(=O)C1C2C=CC(C2)C1C(=O)O,454.15909090909093,440.1499938964844
Cc1cccc(CC(=O)O)c1,330.3181818181818,335.1499938964844
Cc1cccc(N(C)C(=S)Oc2ccc3c(c2)CCC3)c1,366.27272727272725,367.1499938964844
Cc1cccc(S)c1,249.8409090909091,253.14999389648438
Cc1cccc([N+](=O)[O-])c1,263.65909090909093,288.6499938964844
Cc1cccc[n+]1[O-],315.8181818181818,321.1499938964844
Cc1ccccc1-c1ccccc1,280.22727272727275,272.95001220703125
Cc1ccccc1-c1ccccc1C,286.5,292.6499938964844
Cc1ccccc1CCO,290.3181818181818,275.1499938964844
Cc1ccccc1F,219.95454545454547,211.14999389648438
Cc1ccccc1S(=O)(=O)Cl,288.77272727272725,283.3500061035156
Cc1ccsc1C,231.25,224.14999389648438
Cc1cn(C2CC(O)C(CO)O2)c(=O)[nH]c1=O,461.70454545454544,459.6499938964844
Cc1nc2ccccc2n1CCc1nnc(S)o1,434.77272727272725,482.1499938964844
Cc1nccc2ccccc12,270.79545454545456,283.1499938964844
Cc1nnc2n1-c1sc(Br)cc1C(c1ccccc1Cl)=NC2,497.6818181818182,485.1499938964844
ClC1CCCC1,188.76136363636363,180.0
ClCc1cc(Cl)cc(Cl)c1,312.1363636363636,309.1499938964844
Clc1ccc(Br)cc1Cl,296.97727272727275,298.1499938964844
Clc1ccc(Cl)c(Cl)c1,281.95454545454544,290.3699951171875
Clc1ccc2c(c1)Oc1ccccc1O2,392.97727272727275,361.1499938964844
Cn1c(=O)c(C2=NNC(=O)C2=CCc2ccccc2)c(O)c2ccccc21,519.1818181818181,522.1500244140625
Cn1c(=O)on(-c2ccc(Cl)c(Cl)c2)c1=O,406.9318181818182,396.1499938964844
Cn1cncc1C=O,335.75,327.6499938964844
Fc1cc(F)cc(Br)c1,247.29545454545453,246.14999389648438
Fc1ccccc1F,238.79545454545453,239.14999389648438
ICI,248.0340909090909,278.1499938964844
Ic1ccc2ccccc2c1,336.1363636363636,327.6000061035156
N#CC1(c2ccccc2)Cc2ccccc2C(=O)O1,407.22727272727275,414.3500061035156
N#CCC(=O)NN,395.70454545454544,387.6499938964844
N#Cc1c[nH]cc1-c1cccc(Cl)c1Cl,384.1818181818182,420.1499938964844
N#Cc1cc([N+](=O)[O-])c(Cl)c([N+](=O)[O-])c1,401.5,413.6499938964844
N#Cc1ccccc1Cl,288.47727272727275,319.45001220703125
N#Cc1ccccc1N1CCCCC1,321.8863636363636,316.1499938964844
NC(=O)N(c1ccccc1)c1ccccc1,441.8181818181818,462.0400085449219
NC(=O)c1ccccc1O,431.70454545454544,413.1499938964844
NC(N)=[NH+]CCCC(N)C(=O)[O-],504.52272727272725,495.1499938964844
NCCCCCCCCCCN,309.20454545454544,335.1499938964844
NS(=O)(=O)c1cc2c(cc1Cl)NCNS2(=O)=O,554.5454545454545,542.1500244140625
NS(=O)(=O)c1ccc(Cl)c(S(N)(=O)=O)c1,495.70454545454544,480.1499938964844
N[S+2]([O-])([O-])c1cccc(C(=NO)c2ccccc2)c1,438.3863636363636,428.1499938964844
Nc1c(Cl)cc(Cl)cc1Br,350.97727272727275,356.6499938964844
Nc1c(Cl)ccc(Cl)c1C(=O)O,454.09090909090907,428.1499938964844
Nc1ccc(C(=O)O)cc1,459.1818181818182,460.95001220703125
Nc1ccc(N=Nc2ccccc2)cc1,401.8181818181818,400.92999267578125
Nc1ccc(Nc2ccc(N)cc2)cc1,428.79545454545456,431.1499938964844
O=C(C(=O)c1cccc2ccccc12)c1ccccc1,375.47727272727275,374.95001220703125
O=C(C=CC=Cc1ccc2c(c1)OCO2)N1CCCCC1,410.72727272727275,404.6499938964844
O=C(C=Cc1ccc(-c2ccc([N+](=O)[O-])cc2)o1)c1ccccc1,431.29545454545456,430.6499938964844
O=C(CBr)c1ccccc1,329.70454545454544,323.6499938964844
O=C(CF)Nc1ccccc1,360.34090909090907,351.1499938964844
O=C(COc1ccc(Cl)cc1)n1c(=O)sc2ccccc21,413.45454545454544,415.6499938964844
O=C(Cl)CCCCCCCCC(=O)Cl,264.1363636363636,270.6499938964844
O=C(Cl)c1cc(C(=O)Cl)cc(C(=O)Cl)c1,314.8636363636364,309.45001220703125
O=C(NC(=O)c1c(F)cccc1F)Nc1ccc(Cl)cc1,489.47727272727275,501.1499938964844
O=C(Nc1c(Cl)cccc1Cl)C(C(F)(F)F)C(F)(F)F,453.8181818181818,469.1499938964844
O=C(Nc1ccc2cc(OC(=O)c3ccccc3)ccc2c1)c1ccccc1,453.1363636363636,499.6499938964844
O=C(O)C1CCc2ccccc2C1,393.0681818181818,370.8500061035156
O=C(O)CCCCC=C(c1ccccc1)c1cccnc1,394.6136363636364,387.1499938964844
O=C(O)CCCCCCCCCCF,323.3181818181818,309.1499938964844
O=C(O)CCS,289.09090909090907,289.95001220703125
O=C(O)COc1c(Cl)ccc(Cl)c1Cl,417.6136363636364,421.1499938964844
O=C(O)CSc1n[nH]c(=S)s1,453.5,440.1499938964844
O=C(O)Cc1ccccc1Nc1c(Cl)cccc1Cl,435.4318181818182,430.1499938964844
O=C(O)Cc1ccco1,342.52272727272725,341.6499938964844
O=C(O)c1c(Cl)cc(Cl)cc1Cl,430.47727272727275,433.1499938964844
O=C(O)c1ccc2ccccc2c1O,468.02272727272725,468.1499938964844
O=C(O)c1ccccc1O[P+]([O-])(O)O,417.5681818181818,441.1499938964844
O=C(OCC([N+](=O)[O-])([N+](=O)[O-])[N+](=O)[O-])N(CCC([N+](=O)[O-])([N+](=O)[O-])[N+](=O)[O-])[N+](=O)[O-],391.70454545454544,369.6499938964844
O=C(c1ccc2c3c(cccc13)CC2)C(O)c1ccccc1,410.52272727272725,411.1499938964844
O=C(c1ccccc1)c1cccc2ccccc12,346.0,348.6499938964844
O=C(c1ccccc1)c1coc(-c2ccc(Cl)cc2)c1[S+2]([O-])([O-])c1ccccc1,379.20454545454544,369.6499938964844
O=C(c1ccco1)c1noc(-c2ccc([N+](=O)[O-])cc2)c1[S+2]([O-])([O-])c1ccccc1,413.09090909090907,412.1499938964844
O=C1CCC(c2ccccc2)c2ccccc21,352.6363636363636,347.6499938964844
O=C1CCO1,237.4431818181818,240.3699951171875
O=C1CCc2cccc3c2N1CC3,369.84090909090907,385.1499938964844
O=C1CN(N=Cc2ccc([N+](=O)[O-])o2)C(=O)N1,540.0454545454545,540.9299926757812
O=C1Cc2ccc3ccccc3c21,358.22727272727275,369.6499938964844
O=C1NC(=O)C(=Cc2ccc(-c3ccccc3)o2)C(=O)N1,535.9090909090909,543.1500244140625
O=C1NC(=O)C(=NNc2ccc(Br)cc2)C(=O)N1,552.0909090909091,568.1500244140625
O=C1NC(=O)c2c1cccc2[N+](=O)[O-],520.0,487.1499938964844
O=C1NCc2ccccc21,418.70454545454544,424.1499938964844
O=C1OC(C(O)CO)C(O)=C1O,400.3181818181818,464.1499938964844
O=C1OC(c2ccccc2)=NC1=Cc1ccc([N+](=O)[O-])cc1,496.25,487.6499938964844
O=C1OCCC1N(C(=O)C1CC1)c1cccc(Cl)c1,372.47727272727275,368.1499938964844
O=C1c2cccc(O)c2C(=O)c2c(O)cc(CO)cc21,460.77272727272725,496.6499938964844
O=C1c2ccccc2C(=O)C1C(=O)C(c1ccccc1)c1ccc(Cl)cc1,426.27272727272725,413.1499938964844
O=CC(O)C(O)C(O)C(S)CO,409.25,408.6499938964844
O=Cc1cc(Cl)cc(Cl)c1[N+](=O)[O-],344.3636363636364,363.6499938964844
O=Cc1ccc(C=O)c([N+](=O)[O-])c1,360.4318181818182,370.1499938964844
O=Cc1ccc2c(c1)OCCO2,321.1818181818182,323.1499938964844
O=Cc1ccc2c(c1)OCO2,318.54545454545456,310.3699951171875
O=[N+]([O-])c1c(Cl)cccc1-c1c[nH]cc1Cl,359.3636363636364,397.6499938964844
O=[N+]([O-])c1cc(C(F)(F)F)ccc1Cl,276.70454545454544,270.6499938964844
O=[N+]([O-])c1cc(F)c(F)cc1F,262.5681818181818,262.1499938964844
O=[N+]([O-])c1cc([N+](=O)[O-])c(O)c([N+](=O)[O-])c1O,444.04545454545456,448.6499938964844
O=[N+]([O-])c1cc([N+](=O)[O-])c([N+](=O)[O-])c([N+](=O)[O-])c1,415.40909090909093,398.6499938964844
O=[N+]([O-])c1ccc(Br)c(Cl)c1,338.47727272727275,333.6499938964844
O=[N+]([O-])c1ccc(O)cc1[N+](=O)[O-],413.0,407.1499938964844
O=[N+]([O-])c1ccc([N+](=O)[O-])c(O)c1,388.15909090909093,381.1499938964844
O=[N+]([O-])c1ccc2[nH]cnc2c1,485.84090909090907,481.1499938964844
O=[N+]([O-])c1cccc(-c2nnc3n2NC(C=Cc2ccccc2)S3)c1,464.1136363636364,464.1499938964844
O=[N+]([O-])c1cccc(S(=O)(=O)NCCNS(=O)(=O)c2cccc([N+](=O)[O-])c2)c1,453.8863636363636,463.1499938964844
O=[N+]([O-])c1ccccc1I,320.27272727272725,327.1499938964844
O=c1[nH]cc(F)c(=O)[nH]1,589.7272727272727,555.1500244140625
O=c1cc[nH]c(=O)[nH]1,609.4545454545455,603.1500244140625
OC1CCCCCCCCCCCCCC1,357.1363636363636,353.6499938964844
OCC1=CCN2CCC(O)C12,386.29545454545456,392.1499938964844
OCCOCCOCCOCCO,277.6136363636364,269.1499938964844
OCCOc1ccc(Cl)cc1,306.5,303.1499938964844
OCc1ccc(Cl)cc1Cl,329.52272727272725,332.6499938964844
OCc1ccc(F)cc1,291.3181818181818,296.1499938964844
OCc1ccc2c(c1)OCO2,335.25,331.1499938964844
Oc1c(Cl)cc(Cl)cc1Cl,349.25,342.6499938964844
Oc1ccc(O)c(Cl)c1,383.3181818181818,373.1499938964844
Oc1ccc2ccccc2c1,355.70454545454544,395.1499938964844
S=P(N1CC1)(N1CC1)N1CC1,314.6136363636364,324.6499938964844
S=c1[nH]nc2ccccn12,446.15909090909093,482.6499938964844
[O-][P+](c1ccccc1)(c1ccccc1)C1C2=C(CCCC2)OC2=C1CCCC2,444.02272727272725,429.6499938964844
c1cc2c3c(cccc3c1)CC2,330.54545454545456,368.1499938964844
c1ccc(-c2nc3ccccc3o2)cc1,372.8636363636364,375.1499938964844
c1ccc(C2CCCNC2)cc1,292.95454545454544,287.6499938964844
c1ccc(CNc2ccccc2-n2c(-c3ccccc3)nc3ccccc32)cc1,418.8636363636364,432.6499938964844
c1ccc(N2CCCCC2)cc1,278.59090909090907,277.8500061035156
c1ccc(N2CCN(c3ccccc3)C2c2ccco2)cc1,382.3181818181818,403.1499938964844
c1ccc(N2CN(c3ccccc3)CN(c3ccccc3)C2)cc1,377.6363636363636,417.1499938964844
c1ccc2[nH]nnc2c1,358.95454545454544,373.1499938964844
c1ccc2cc(C3CNCCN3)ccc2c1,380.29545454545456,374.6499938964844
c1ccc2cc(Cc3cccc4ccccc34)ccc2c1,374.09090909090907,369.6000061035156
c1ccc2ccccc2c1,272.22727272727275,353.3500061035156
c1ccc2ocnc2c1,300.54545454545456,304.1499938964844
c1ccncc1,259.75,231.5500030517578
