EP ID,SMILES,Binding energy (eV),Formation energy in solvent (eV/atom),Formation energy in vaccum (eV/atom),LUMO_sol (eV),HOMO_sol (eV),LUMO_cls (eV),HOMO_cls (eV),LUMO change (eV),HOMO change (eV),Dielectric constant of solvents,Dielectric constant of electrolytes,Viscosity of solvents (mPa s),Viscosity of electrolytes (mPa s),Diffusivity of Li (m^2/s),Diffusivity of FSI (m^2/s),Diffusivity of solvens (m^2/s),Transference number of Li,Similarity of solvents
ep-1071,CCOCOC,-1.363132312,-0.347630667,-0.331430712,7.832523619,-7.980009299,5.802554671,-10.35719546,-2.029968948,-2.377186157,4.1721,11.6403,0.25831292,0.47317126,1.02E-10,1.02E-10,4.64E-09,0.499474116,1.137469718
ep-11702,CCOC(C)(C)OC,-1.746567868,-0.243553606,-0.23468653,8.041779131,-7.919872149,2.393240871,-11.23367401,-5.64853826,-3.313801856,1.2549,3.0419,0.31752419,0.53036226,3.22E-10,3.18E-10,2.72E-09,0.503329828,0.075633189
ep-11769,CCC(C)(OC)OC,-2.275921727,-0.228051283,-0.220746759,7.73592322,-7.8755176,2.394873554,-12.56294992,-5.341049666,-4.687432319,1.1845,1.5716,0.35874497,0.65610974,2.37E-10,2.39E-10,2.20E-09,0.497951915,0.26126126
ep-1237,COCOCF,-0.662548123,-0.717140008,-0.692033742,4.837094909,-8.386003088,4.831108405,-9.180847498,-0.005986504,-0.79484441,22.8588,24.7087,0.41585034,1.32041729,3.52E-10,2.86E-10,2.20E-09,0.551608051,0.03859525
ep-12468,COC(C)C(C)OC,-0.825078974,-0.227945282,-0.213965188,8.2836883,-7.775379721,6.382973407,-8.13837953,-1.900714893,-0.362999809,14.1924,15.8887,0.34997021,0.86631811,1.31E-10,1.34E-10,1.79E-09,0.494614876,0.184550578
ep-12525,CCC(COC)OC,-0.989057471,-0.220895556,-0.207859078,8.296205534,-7.695378264,5.80391524,-8.5715847,-2.492290294,-0.876206436,5.2032,7.5388,0.41919471,0.51778155,1.92E-10,1.83E-10,2.52E-09,0.512164984,0.207654151
ep-12598,COC(C)C(F)OC,-1.422357881,-0.45509027,-0.438036325,5.050976356,-7.990621737,1.043012195,-10.05161166,-4.00796416,-2.060989921,4.1287,5.4881,0.49518436,0.89549665,1.96E-10,1.94E-10,1.55E-09,0.502036909,0.785673194
ep-12628,CCOCC(C)OC,-0.867705601,-0.23084317,-0.215026679,8.228993426,-7.819190043,6.275216342,-8.229809767,-1.953777084,-0.410619724,9.8583,14.6476,0.46989095,0.92892155,1.92E-10,1.73E-10,1.52E-09,0.525873406,0.043424642
ep-12941,CCOC(CC)OC,-1.3540165,-0.240519537,-0.226151928,8.199333022,-7.925858653,6.245555938,-9.889976061,-1.953777084,-1.964117408,5.4938,5.9304,0.23383486,0.51091122,1.03E-10,1.01E-10,3.51E-09,0.503674658,0.902899971
ep-13009,CCOC(C)OCC,-1.075393738,-0.249673693,-0.231087702,8.245320254,-7.872524348,6.738081916,-9.272821963,-1.507238338,-1.400297615,23.7068,25.4724,0.36694215,0.81040872,3.07E-10,3.18E-10,1.94E-09,0.490932363,inf
ep-13347,COC(OC)C(C)C,-1.246969652,-0.235068727,-0.222046102,8.056201163,-7.937559546,6.193037974,-9.775416151,-1.863163189,-1.837856605,6.1728,13.1632,0.30082854,0.49817467,1.13E-10,1.20E-10,2.79E-09,0.48517177,0.735381933
ep-133693,COC(OC)(OC)OC,-2.082916851,-0.561248021,-0.555064559,7.767488421,-8.279062365,3.364142909,-11.33381188,-4.403345512,-3.054749519,1.4643,4.6098,0.55708347,0.79201192,2.04E-10,1.98E-10,1.87E-09,0.50703989,inf
ep-13388,CCCC(OC)OC,-1.314181761,-0.233651261,-0.219875005,8.02164271,-7.951981577,6.282019187,-9.894601996,-1.739623523,-1.942620418,5.7144,10.3996,0.26134966,0.60289088,1.61E-10,1.63E-10,2.54E-09,0.497398068,0.793186274
ep-13433,COCC(OC)OC,-1.682632009,-0.404095474,-0.387100198,8.173754324,-7.784903704,6.099430827,-9.70874827,-2.074323497,-1.923844566,5.4053,13.227,0.52834423,0.98340702,1.40E-10,1.39E-10,1.35E-09,0.501429691,0.187745173
ep-13473,CC(F)OC(C)(F)F,-0.627197819,-0.879022653,-0.85490176,4.914919456,-9.393368376,3.124410652,-11.09788922,-1.790508804,-1.704520843,6.7534,8.5734,0.34228488,0.69397403,2.64E-10,2.60E-10,2.45E-09,0.503470277,0.069676019
ep-13478,CCOC(F)(F)CF,-0.545759601,-0.848484047,-0.818755251,4.890973441,-9.165337012,2.121943412,-9.759905665,-2.769030029,-0.594568653,22.8257,19.3133,0.47743536,1.15552029,1.19E-10,1.21E-10,1.62E-09,0.495611689,0.214075545
ep-13482,CCCOC(C)(F)F,-0.690325499,-0.52889387,-0.502682054,4.793012473,-8.991456293,3.508363223,-10.48726585,-1.28464925,-1.495809559,12.4508,12.8773,0.33829122,0.80292333,1.42E-10,1.46E-10,2.61E-09,0.493632462,0.042137723
ep-13547,COCC(F)(F)OC,-0.913388066,-0.773222727,-0.74907977,5.093698222,-8.195251315,2.300722179,-9.718816481,-2.792976043,-1.523565166,18.3519,19.9173,0.75846674,1.35102622,1.02E-10,1.03E-10,1.19E-09,0.496889009,0.228338012
ep-13592,CCOC(F)C(C)F,-0.942120562,-0.510026557,-0.478935892,4.635458583,-8.52287633,3.375843803,-9.826301432,-1.25961478,-1.303425102,24.6869,25.6121,0.87469703,1.56941908,1.05E-10,1.01E-10,1.00E-09,0.509915508,0.155553587
ep-13621,CCCOC(F)CF,-0.890195806,-0.500763954,-0.470123638,4.619131755,-8.651586157,3.6814276,-9.933242155,-0.937704155,-1.281655998,21.655,24.792,0.71890285,0.87211845,1.11E-10,1.04E-10,1.53E-09,0.515304995,0.156616024
ep-13658,CC(F)OCCCF,-0.662814794,-0.509875836,-0.483238616,4.634370128,-8.539747385,4.652329639,-10.06521735,0.017959511,-1.525469963,9.7501,12.2132,0.7199873,1.25374213,1.27E-10,1.32E-10,9.85E-10,0.489464005,0.295337499
ep-15463,CCCOCCOC,-0.847256249,-0.222369423,-0.205538442,8.305729517,-7.810210288,6.303788291,-8.33239667,-2.001941227,-0.522186382,10.0218,15.1308,0.70832377,1.94518172,1.55E-10,1.52E-10,1.22E-09,0.505130254,0.055402418
ep-15464,CCCOCC(F)F,-0.848616818,-0.494984711,-0.467898201,5.585679973,-8.14191701,3.73585036,-9.481261133,-1.849829612,-1.339344124,48.7013,38.1819,0.73307075,1.77474258,1.22E-10,1.22E-10,9.65E-10,0.499300996,0.868226957
ep-15564,CCOCCOCF,-0.802150665,-0.455413655,-0.431145115,4.725528251,-7.923953856,4.621852893,-8.981115969,-0.103675358,-1.057162113,13.007,16.403,1.204294,3.37916832,1.01E-10,1.10E-10,5.02E-10,0.478897141,0.130384819
ep-15673,CCOC(OC)OC,-1.296782804,-0.432285647,-0.415612827,7.803407443,-8.086677908,5.915754012,-9.469016012,-1.887653431,-1.382338104,4.9528,7.7802,0.38156487,0.79822118,2.25E-10,2.26E-10,1.99E-09,0.498115589,0.852489236
ep-15875,CCCCOCOC,-1.74621412,-0.224992353,-0.212473139,7.893749224,-7.967764178,4.821312308,-11.36102326,-3.072436916,-3.393259086,2.1292,4.0856,0.24389918,0.56633402,2.26E-10,2.26E-10,2.99E-09,0.500402555,1.202985807
ep-15881,CCCOCOCC,-1.762511015,-0.2328792,-0.219545747,7.977288161,-7.990621737,4.953287501,-11.1033315,-3.024000659,-3.112709758,2.22,3.826,0.30485195,0.64721913,1.71E-10,1.70E-10,2.96E-09,0.501920022,0.886967209
ep-15923,COCCOCOC,-1.900878161,-0.401461957,-0.381433565,8.156883269,-7.80966606,5.953033603,-9.864669478,-2.203849666,-2.055003418,5.7633,15.2277,0.45549823,1.2027097,1.56E-10,1.66E-10,1.45E-09,0.484256585,1.071442846
ep-15996,CCOCOCOC,-1.235399373,-0.42111973,-0.404173298,8.102460509,-8.104093192,5.998476607,-9.017034991,-2.103983902,-0.912941799,5.3805,9.4662,0.29500321,1.06105354,1.26E-10,1.21E-10,1.67E-09,0.509436534,1.852731621
ep-16027,COCCOC(F)F,-1.052258622,-0.77332528,-0.743684604,4.93315108,-7.934022067,5.193291873,-9.424389349,0.260140793,-1.490367283,35.5351,36.4907,0.53464986,1.11426987,1.23E-10,1.33E-10,1.67E-09,0.479625906,0.30212238
ep-16977,COCC(F)COC,-1.013466079,-0.440053691,-0.411411565,5.369077388,-7.963138243,3.492852737,-8.183550421,-1.876224651,-0.220412178,38.8588,47.8225,0.70140984,1.73529593,1.54E-10,1.64E-10,9.00E-10,0.484471976,0.241281639
ep-17122,COCCCCOC,-1.08747559,-0.219186557,-0.204927299,8.380560812,-7.7552433,5.857249545,-8.510086981,-2.523311267,-0.754843681,4.0392,4.784,0.32620427,0.71637785,1.31E-10,1.28E-10,2.44E-09,0.504693236,0.128290629
ep-17404,COC(F)OC(F)F,-0.669560495,-1.245101216,-1.213928068,4.319806575,-9.115268072,4.559810947,-10.54250495,0.240004372,-1.427236881,13.391,13.8231,0.33881528,0.97442505,1.08E-10,1.11E-10,2.07E-09,0.492156898,0.081811993
ep-17748,COCOC(F)(F)F,-0.844380006,-1.223516731,-1.202913111,4.993016116,-8.504644705,2.423717617,-10.35692334,-2.5692985,-1.852278637,7.6825,10.5507,0.1645216,0.32922432,2.15E-10,2.14E-10,5.67E-09,0.500914654,0.295287416
ep-198083,COC1COC(OC)C1,-1.527978852,-0.34588645,-0.331765298,7.876333941,-7.92068849,4.557089809,-9.552554949,-3.319244132,-1.631866459,2.9716,6.3911,0.72981157,1.01474146,2.09E-10,2.06E-10,1.35E-09,0.503899506,1.277938785
ep-252476,COC1OC(C)OC1C,-1.260420237,-0.372426616,-0.356962777,7.362310973,-8.128855547,5.071112777,-9.613780554,-2.291198196,-1.484925007,4.0869,4.1736,0.9251326,1.6490387,1.05E-10,9.98E-11,8.48E-10,0.513704236,0.207459106
ep-254066,COC1OCOC1OC,-1.656353979,-0.560061995,-0.543618588,7.552790633,-8.211850256,5.732893538,-9.694326239,-1.819897094,-1.482475982,4.3666,6.6308,1.35259242,2.76681885,1.60E-10,1.68E-10,4.90E-10,0.487278071,inf
ep-28217,COC1CCC(C)O1,-1.463357267,-0.224829127,-0.212999388,7.823543864,-7.888579062,3.597344436,-10.48808219,-4.226199428,-2.599503131,1.6943,2.9183,0.51941348,0.98211765,1.54E-10,1.57E-10,1.56E-09,0.49569769,0.113946985
ep-31759,COC1(C)OCCO1,-0.837291441,-0.450496578,-0.430527355,7.471156493,-8.08177986,5.026758227,-9.066831816,-2.444398265,-0.985051956,9.4661,10.983,1.21479815,2.70601113,1.30E-10,1.33E-10,6.99E-10,0.494176574,0.105124434
ep-32626,COC1OCCC1C,-1.185852892,-0.219679918,-0.20641886,7.92422597,-7.885313696,4.28361544,-9.7882055,-3.64061053,-1.902891803,2.5666,4.0897,0.36016668,0.99339047,1.43E-10,1.42E-10,1.52E-09,0.501994606,0.135792543
ep-32628,COC1CCCCO1,-1.031624233,-0.215157114,-0.20073413,7.953886374,-7.82544866,5.036010097,-9.269012369,-2.917876277,-1.443563709,3.8288,10.6863,0.67001431,1.88139326,1.11E-10,1.14E-10,9.18E-10,0.492920104,0.055843692
ep-34457,FC1OCOC1(F)F,-0.482027828,-1.37387899,-1.343146953,4.773964507,-9.56480007,2.341539249,-10.28154782,-2.432425258,-0.716747749,13.2536,18.4545,0.68246728,1.24906528,1.59E-10,1.56E-10,1.70E-09,0.50459688,0.14382261
ep-34863,FC1COC(F)(F)O1,-0.371677518,-1.412583715,-1.373698159,4.932878966,-9.63282852,2.457731842,-9.981950525,-2.475147125,-0.349122005,23.4353,27.6098,0.72746881,0.88035413,1.77E-10,1.77E-10,1.60E-09,0.500013787,0.025726115
ep-4037,CCC(OC)OC,-1.131155297,-0.286479484,-0.270080188,8.174298552,-7.940280684,6.38106861,-9.666026404,-1.793229942,-1.72574572,8.7979,17.6566,0.29329901,0.30608027,1.99E-10,2.05E-10,4.42E-09,0.493059908,0.880046294
ep-4218,CCCOCCF,-0.690554075,-0.306008424,-0.284980377,5.436017383,-7.984635233,5.20526488,-9.47173715,-0.230752502,-1.487101917,19.5525,27.5149,0.47981828,0.83708036,1.06E-10,1.01E-10,1.92E-09,0.513091793,0.06722323
ep-4619,CCOC(C)(F)F,-0.51507877,-0.658506461,-0.636394857,4.921722301,-8.871454108,4.843353526,-10.25705758,-0.078368774,-1.38560347,14.5405,15.8642,0.30981817,0.56542966,1.69E-10,1.73E-10,3.70E-09,0.494217852,0.034472861
ep-4700,CC(F)OC(C)F,-1.212639775,-0.641999494,-0.629236812,5.160638217,-8.980571741,3.242508041,-12.30879563,-1.918130176,-3.328223888,1.4847,2.3975,0.31869378,0.44926605,1.67E-10,1.67E-10,3.57E-09,0.500226594,inf
ep-471585,COC(C)COC(F)F,-0.78269725,-0.641734466,-0.617651392,4.952743274,-7.840142806,4.926348235,-9.253501883,-0.026395039,-1.413359077,29.1123,26.9747,0.75639306,1.21956493,1.09E-10,1.10E-10,1.10E-09,0.498196607,0.066596415
ep-477831,COC(F)(F)OC(F)F,-0.524385062,-1.501243477,-1.477486687,4.416406974,-9.50466292,4.265111701,-10.98332931,-0.151295273,-1.478666389,9.3435,11.6852,0.24679386,0.42253256,1.16E-10,1.13E-10,3.88E-09,0.506351031,0.078132895
ep-477941,FCOCOC(F)(F)F,-0.822564643,-1.486782513,-1.460470364,4.920905959,-9.327244723,2.370383312,-10.63937747,-2.550522647,-1.312132744,7.1651,9.5715,0.28941153,0.4180015,2.67E-10,2.68E-10,4.22E-09,0.499044951,1.098971041
ep-479071,COCCC(F)(F)OC,-1.229788387,-0.636142814,-0.613982582,4.830836291,-7.920960604,2.799234661,-9.914466303,-2.031601631,-1.993505699,6.2118,8.2664,0.38564601,0.95426023,1.78E-10,1.70E-10,1.60E-09,0.512013596,0.152707258
ep-504888,CC1(F)COC(F)(F)O1,-0.412304109,-1.112693179,-1.079316089,4.755460769,-9.567521208,2.074051384,-9.88562224,-2.681409385,-0.318101032,30.8498,29.6504,0.79766179,1.60518048,1.56E-10,1.51E-10,1.10E-09,0.509087946,0.03294249
ep-504892,CC1OC(F)(F)OC1F,-0.425975106,-1.103810413,-1.073140466,4.950838477,-9.523710886,4.104020332,-10.48318415,-0.846818146,-0.959473259,11.9953,10.8503,0.60697333,1.02558648,1.28E-10,1.29E-10,1.47E-09,0.496836769,0.032380651
ep-5059,CCOCCOC,-1.629463694,-0.274111053,-0.257283679,8.438248938,-7.743542407,6.176439032,-9.846165739,-2.261809906,-2.102623333,5.0915,7.3311,0.38010518,0.557267,2.43E-10,2.50E-10,2.79E-09,0.492518001,0.340209334
ep-5623,COC(F)(F)OC,-0.570481139,-0.997119857,-0.975421712,4.475183555,-9.16805815,2.918420505,-9.946303618,-1.55676305,-0.778245468,14.1191,14.2014,0.27935398,0.5053741,6.02E-10,6.01E-10,3.79E-09,0.500602889,0.075755131
ep-5702,COCOC(F)F,-0.59721632,-0.983451162,-0.956280808,5.093153995,-8.596891283,5.011519855,-9.711469408,-0.08163414,-1.114578125,19.6442,21.7026,0.39436889,0.70436552,1.12E-10,9.93E-11,2.10E-09,0.531023091,0.043790064
ep-667496,CC(F)(F)OC(F)(F)CF,-0.412946297,-1.289941109,-1.261821413,4.875735068,-10.20590018,2.688484344,-11.0285002,-2.187250724,-0.822600017,23.4534,22.6559,0.47836695,0.99915536,2.76E-10,2.79E-10,1.74E-09,0.497638557,0.159691195
ep-667500,CCOC(F)(F)C(F)(F)F,-0.466446591,-1.258173093,-1.24230269,4.61450582,-9.576773077,3.724693694,-11.17081572,-0.889812126,-1.59404264,8.0408,8.2025,0.23856711,0.22847722,3.50E-10,3.55E-10,7.45E-09,0.496530453,0.031936877
ep-667707,FCOC(F)(F)OC(F)F,-0.576516624,-1.74304597,-1.719061231,4.496952659,-10.09215661,1.387508266,-11.47095724,-3.109444393,-1.378800625,6.2827,6.6315,0.44360755,0.89014324,2.49E-10,2.50E-10,2.16E-09,0.499061512,0.273373767
ep-667709,FC(F)OC(F)OC(F)F,-0.508422866,-1.750537891,-1.719082373,4.425658843,-10.09487775,1.518395004,-10.85461948,-2.907263839,-0.75974173,9.1387,11.7446,0.61514917,1.09620876,1.25E-10,1.21E-10,1.64E-09,0.508406465,0.712061004
ep-667785,FC1OC(F)(F)OC1(F)F,-0.348479817,-1.971652582,-1.95551945,4.883082141,-10.58060089,1.55322557,-11.79286786,-3.329856571,-1.212266979,4.3498,7.2543,0.41724579,0.87858868,1.30E-10,1.30E-10,3.41E-09,0.49994756,0.075912219
ep-668053,COCC(F)(F)OC(F)F,-0.755028719,-1.185181545,-1.160132449,4.904851245,-8.376751219,2.826446041,-9.795008345,-2.078405204,-1.418257126,26.2073,26.5567,0.51408161,1.9658162,1.36E-10,1.36E-10,1.45E-09,0.501608692,0.719156924
ep-668058,COC(F)(F)COC(F)F,-0.716842989,-1.200677235,-1.171458846,4.939137584,-9.242345217,1.912960014,-10.00045426,-3.02617757,-0.758109047,11.4324,12.813,0.61321589,1.03621185,1.99E-10,2.01E-10,1.58E-09,0.497495992,0.221403496
ep-668059,COCC(F)OC(F)(F)F,-0.878217357,-1.181259195,-1.153966691,4.986213271,-8.155794814,4.86866011,-9.634461203,-0.117553162,-1.478666389,29.185,27.3547,0.52510971,0.8596561,2.25E-10,2.31E-10,2.12E-09,0.492928667,0.173186876
ep-668980,CCOC(F)(F)C(C)(F)F,-0.932754405,-0.87729564,-0.860441667,4.821856536,-9.232821234,2.067248539,-11.4840187,-2.754607997,-2.251197467,3.4372,4.0675,0.51987419,0.63617851,1.24E-10,1.21E-10,1.86E-09,0.506023007,0.223495558
ep-668987,CC(F)(F)OC(F)CCF,-1.110959011,-0.885683094,-0.857537154,4.86294572,-9.399082766,2.846582462,-11.23829994,-2.016363258,-1.839217174,5.5416,6.3762,0.78650865,1.0861201,1.19E-10,1.17E-10,1.40E-09,0.504954086,0.286783944
ep-670562,CC1(F)OC(F)OC1(F)F,-0.400839954,-1.329107882,-1.30175578,4.763352069,-9.924534514,2.540726551,-10.44753724,-2.222625518,-0.523002724,28.3866,25.2791,0.83099274,0.9442051,1.06E-10,1.04E-10,1.45E-09,0.504734441,0.115040288
ep-670568,CC1OC(F)(F)OC1(F)F,-0.338915017,-1.333797763,-1.311092588,4.873558158,-9.84480517,4.058577327,-10.89162696,-0.814980831,-1.046821789,12.457,12.6601,0.44046107,0.83553059,1.01E-10,1.02E-10,2.17E-09,0.497208903,0.021061689
ep-675606,COCCCOC(F)(F)F,-0.763064239,-0.815729668,-0.797667183,5.042268714,-7.945995074,4.772059711,-9.618678602,-0.270209003,-1.672683529,11.2447,12.3633,0.42309402,1.03335056,1.86E-10,1.75E-10,1.77E-09,0.516221794,0.121773011
ep-716625,CC(F)(F)OC(F)(F)C(F)F,-0.758109047,-1.485857487,-1.468756586,4.619403869,-10.34386188,2.112691543,-12.65764552,-2.506712326,-2.313783641,2.9322,4.2459,0.63427589,0.95953542,1.60E-10,1.62E-10,2.02E-09,0.496648838,0.137291534
ep-716765,FCOC(F)(F)OC(F)(F)F,-0.339010257,-1.982112672,-1.965815985,4.689065002,-10.18576376,3.843607425,-11.68184543,-0.845457577,-1.496081672,6.6645,7.5634,0.19572127,0.41202101,1.25E-10,1.28E-10,4.74E-09,0.494910857,0.41358635
ep-716766,FC(F)OC(F)(F)OC(F)F,-0.330533912,-1.993926388,-1.971777371,4.221029266,-10.57352593,1.99785952,-11.1348967,-2.223169746,-0.561370769,5.3807,5.8863,0.42739008,0.55818186,5.85E-10,5.84E-10,3.76E-09,0.50042959,inf
ep-716767,FC(F)OC(F)OC(F)(F)F,-0.503497606,-1.992601612,-1.968359831,4.798726863,-10.49542927,2.069969677,-11.84783485,-2.728757186,-1.352405586,5.3357,6.5395,0.25444532,0.40191493,2.64E-10,2.63E-10,4.37E-09,0.501137973,0.31054999
ep-716768,FC(F)(F)OCOC(F)(F)F,-0.401596431,-1.998232274,-1.982121463,4.879544662,-10.24154709,1.702071819,-11.28728042,-3.177472843,-1.045733333,5.9617,5.6395,0.25544849,0.42657394,5.61E-10,5.66E-10,5.16E-09,0.497847787,0.100105774
ep-717015,COCC(F)(F)OC(F)(F)F,-0.74324347,-1.380672753,-1.361624277,5.068391639,-8.393622275,4.302391292,-10.01678109,-0.766000347,-1.623158817,15.0621,15.0656,0.54740994,0.64069845,2.11E-10,2.06E-10,3.01E-09,0.506034925,0.785855233
ep-717018,COC(F)(F)C(F)(F)OCF,-0.562119082,-1.385334062,-1.359891082,4.760086703,-9.47173715,3.041415943,-10.73597787,-1.718670761,-1.264240715,19.7142,20.1841,0.70645517,1.27380891,1.37E-10,1.34E-10,1.28E-09,0.504826784,0.426541664
ep-717021,COC(F)(F)C(F)OC(F)F,-0.530510343,-1.395461628,-1.367389007,4.820495967,-9.384388621,2.007655616,-10.0937893,-2.812840351,-0.709400677,15.1122,19.6755,0.62031653,1.50760588,1.53E-10,1.63E-10,1.01E-09,0.484082091,0.129449721
ep-717943,CC(F)(F)OC(F)CC(F)F,-1.023956066,-1.066378958,-1.037510858,4.888252303,-9.487247637,2.68821223,-11.33163497,-2.200040073,-1.844387336,5.2563,6.6851,0.81493232,1.46976442,1.05E-10,1.09E-10,1.32E-09,0.490927417,0.084988131
ep-774244,CC(F)(F)OC(F)(F)C(F)(F)F,-0.367073353,-1.703223327,-1.689026243,4.561715743,-10.54713089,2.731206211,-12.15613979,-1.830509533,-1.609008899,6.0445,7.3907,0.28156276,0.46399366,1.83E-10,1.83E-10,3.60E-09,0.499305193,0.077946127
ep-774245,FCC(F)(F)OC(F)(F)C(F)F,-0.427501664,-1.667366891,-1.642464669,4.569062816,-10.58658739,2.07595618,-11.53980203,-2.493106636,-0.953214641,8.2309,9.4499,0.50615591,0.67624169,1.82E-10,1.84E-10,2.00E-09,0.497890374,0.052984405
ep-774246,FCC(F)OC(F)(F)C(F)(F)F,-0.558690448,-1.675295381,-1.647879008,4.700221667,-10.23556059,3.410130142,-11.48156968,-1.290091526,-1.24600909,15.4271,14.7419,0.36683988,0.69162318,1.57E-10,1.60E-10,2.15E-09,0.495015319,0.101393538
ep-774248,FCC(F)(F)OC(F)C(F)(F)F,-0.650455385,-1.682171696,-1.65887549,4.699405326,-10.29079969,1.893912048,-11.51912138,-2.805493278,-1.228321693,5.4324,6.9643,0.3485399,0.63966449,1.87E-10,1.78E-10,2.46E-09,0.512084938,0.123985738
ep-774250,FC(F)C(F)(F)OCC(F)(F)F,-0.420494734,-1.699814467,-1.671459483,4.776413531,-9.983583208,3.342101692,-11.24129319,-1.43431184,-1.257709984,19.425,20.3587,0.62434279,0.88056015,1.73E-10,1.77E-10,1.57E-09,0.494166268,0.329294456
ep-774252,FC(OCC(F)(F)F)C(F)(F)F,-0.469184056,-1.700465544,-1.669887028,4.580219482,-9.769429648,3.462375991,-11.08945369,-1.11784349,-1.320024044,18.3979,22.0435,0.63338453,0.63917151,3.05E-10,3.08E-10,2.34E-09,0.497553916,0.239102954
ep-774466,COC(F)(F)C(F)(F)OC(F)F,-0.410791156,-1.584170909,-1.561880877,4.613689479,-9.582487467,4.327153648,-10.78849583,-0.286535831,-1.206008362,15.0923,14.6682,0.43673745,0.90082858,2.65E-10,2.64E-10,2.17E-09,0.500755319,0.033625965
ep-774472,COC(F)(F)C(F)OC(F)(F)F,-0.495451201,-1.596708212,-1.576367196,4.771515483,-9.457043005,2.869440021,-10.84645607,-1.902075462,-1.389413063,14.4028,16.3125,0.50555606,0.91740369,3.47E-10,3.33E-10,1.60E-09,0.510065547,0.208157203
ep-774670,COC(C)(F)C(F)(F)C(F)(F)F,-0.486855126,-1.202778927,-1.18398826,4.346473727,-9.128329535,1.219886165,-9.825212977,-3.126587562,-0.696883442,16.9404,18.658,0.61372954,0.97760647,1.18E-10,1.16E-10,9.58E-10,0.505757224,0.095540738
ep-775063,CC(C)(F)OC(F)(F)C(F)(F)F,-0.598927916,-1.227104994,-1.211932382,4.673010287,-9.898683703,1.507510452,-11.03802418,-3.165499835,-1.139340481,5.6756,7.0542,0.77830524,1.6425756,1.09E-10,1.07E-10,1.03E-09,0.505914354,0.116695255
ep-775218,CC(F)C(F)(F)OC(F)C(F)F,-0.823745616,-1.220581973,-1.193651626,4.728521503,-10.07746247,2.764404094,-11.795589,-1.964117408,-1.718126533,5.8231,9.8892,0.9244603,1.39610011,1.28E-10,1.28E-10,7.13E-10,0.498863715,0.422980578
ep-775223,CCOC(F)(F)C(F)(F)C(F)F,-0.367870646,-1.206973108,-1.185818981,4.709201423,-9.571875029,1.890646682,-10.28290839,-2.81855474,-0.711033359,11.5967,12.1979,0.54572861,1.01801054,1.62E-10,1.58E-10,1.73E-09,0.506009907,0.198064977
ep-775226,CCOC(F)(F)C(F)C(F)(F)F,-0.494406284,-1.208696042,-1.18701991,4.709473537,-9.464390078,3.864288074,-10.95856695,-0.845185463,-1.494176876,10.2923,13.3718,0.3787401,0.65039296,1.93E-10,1.89E-10,2.15E-09,0.504831713,0.115428527
ep-775267,CC(F)COC(F)(F)C(F)(F)F,-0.670414932,-1.224122929,-1.200265503,4.628655738,-9.699496401,3.020735294,-10.98196874,-1.607920444,-1.282472339,16.9484,14.7047,0.46004307,0.91736764,1.49E-10,1.51E-10,1.23E-09,0.497012284,0.248841034
ep-776364,FC1(F)OCC(F)(C(F)(F)F)O1,-0.286897743,-1.765534826,-1.744229287,4.554368671,-9.990113939,4.318990234,-11.02224158,-0.235378437,-1.032127643,13.0514,15.4858,0.81125558,1.5812315,2.82E-10,2.73E-10,1.40E-09,0.508253751,0.021221425
ep-776366,FC1OC(F)C(F)(C(F)(F)F)O1,-0.37237413,-1.752955005,-1.726024485,4.822944991,-10.06358467,2.594605083,-10.77869973,-2.228339908,-0.715115066,51.1479,49.0859,0.73262123,1.89076999,1.31E-10,1.24E-10,9.02E-10,0.513558936,0.092212374
ep-776369,FC1OC(F)(F)OC1C(F)(F)F,-0.598851724,-1.766891702,-1.751248852,4.742399306,-10.30059579,0.450348339,-12.15260231,-4.292050967,-1.852006523,2.748,3.6365,0.59961531,1.99151496,1.69E-10,1.71E-10,1.59E-09,0.497216622,0.162665669
ep-777868,CCC(C)OC(F)(F)C(F)(F)F,-0.563825236,-0.88320077,-0.870281325,4.671377605,-9.377585776,3.084954151,-11.15884271,-1.586423454,-1.781256935,5.8458,6.9876,0.36871571,1.07257231,1.18E-10,1.25E-10,1.63E-09,0.48662147,0.037103406
ep-780184,CC(C)COC(F)(F)C(F)(F)F,-0.466982656,-0.883056679,-0.869483643,4.665118987,-9.492417799,3.036517894,-11.19884344,-1.628601093,-1.70642564,7.2897,8.2566,0.53572006,0.56039958,3.79E-10,3.76E-10,2.23E-09,0.502112339,0.236627934
ep-784653,CCCOC(F)(F)OC(F)(F)F,-0.45068576,-1.173303346,-1.156110766,4.485523879,-9.508744627,4.281982757,-10.88291932,-0.203541122,-1.37417469,12.1548,13.5332,0.96186197,2.42530974,1.64E-10,1.61E-10,9.32E-10,0.504525874,0.171599998
ep-791297,COC=COC(F)(F)C(F)(F)F,-0.606030086,-1.164819349,-1.149348719,4.692874595,-8.867372401,2.50344696,-10.82985713,-2.189427635,-1.962484726,7.2291,11.0629,0.911136,1.90849804,1.04E-10,1.06E-10,8.17E-10,0.495189872,0.275203918
ep-794120,COC(C)(F)C(F)OC(F)(F)F,-0.646300208,-1.167370406,-1.146568308,4.427835754,-8.92315573,3.146451869,-10.5512126,-1.281383884,-1.628056865,21.7317,22.7585,0.82589662,1.39952622,1.19E-10,1.28E-10,8.15E-10,0.483561923,0.217773112
ep-794358,CCOC(F)C(F)OC(F)(F)F,-0.816123709,-1.162430538,-1.137322884,4.554640784,-8.792268992,4.431645347,-10.32018798,-0.122995438,-1.527918987,11.3357,10.5244,0.54194529,0.80319006,1.46E-10,1.47E-10,1.54E-09,0.497251911,0.149300608
ep-7958,CC1OCOC1F,-0.688039743,-0.60128139,-0.574504031,4.908388724,-8.702471438,4.590559806,-9.438539267,-0.317828918,-0.736067829,9.4887,11.727,0.78806337,1.81912408,1.18E-10,1.23E-10,1.30E-09,0.489559573,0.033331477
ep-8044,CC1COC(C)O1,-1.165906951,-0.284497941,-0.268623942,7.808305491,-8.094024981,3.901023437,-10.08072783,-3.907282054,-1.986702854,2.5957,3.7173,0.4134515,1.07190094,1.21E-10,1.23E-10,1.78E-09,0.494868568,0.356690465
ep-829602,FCOC(F)C(F)(F)OC(F)(F)F,-0.588745418,-1.781931036,-1.76082674,4.886075393,-9.816233221,3.755442554,-11.69681169,-1.130632839,-1.880578472,5.3166,5.259,0.54341429,0.84919586,1.40E-10,1.39E-10,1.99E-09,0.501654738,0.145683117
ep-830125,CCOC(F)(F)C(F)(F)C(F)(F)F,-0.47498008,-1.377618448,-1.363972546,4.545116801,-9.516635927,2.790799133,-11.18414929,-1.754317669,-1.667513366,6.9206,17.6361,0.31649991,0.36755705,1.43E-10,1.43E-10,3.91E-09,0.498994992,0.216734262
ep-830127,FCC(F)(F)C(F)(F)OCC(F)F,-0.683223329,-1.381746112,-1.347306785,4.800903773,-9.705210791,3.568500373,-11.02741174,-1.2324034,-1.322200954,20.3969,19.0459,1.2031924,2.77975309,1.04E-10,9.90E-11,5.11E-10,0.513145986,1.383950243
ep-833940,CCOC(F)(F)C(C)(F)C(F)(F)F,-0.609221981,-1.03950415,-1.021603597,4.662942077,-9.300849684,1.435944523,-10.34005229,-3.226997554,-1.039202602,5.8961,6.1628,0.57769646,2.1678416,1.37E-10,1.33E-10,8.65E-10,0.506555726,0.14794009
ep-846555,CC(F)(COC(F)(F)F)OC(F)F,-0.771796371,-1.354331686,-1.328034036,4.72906573,-9.63065161,4.27436357,-11.20265303,-0.45470216,-1.572001423,9.0001,10.6617,0.70136222,1.16144771,1.62E-10,1.50E-10,1.37E-09,0.519154048,0.198966138
ep-846574,COCC(OC(F)(F)F)C(F)(F)F,-0.783178891,-1.322707193,-1.303846986,5.035465869,-8.245320254,2.515419967,-9.847254194,-2.520045902,-1.601933941,15.4424,14.1191,0.61977635,1.17983185,1.02E-10,1.01E-10,1.18E-09,0.501951143,0.088498356
ep-846751,CC(F)OCC(F)(F)OC(F)(F)F,-0.823666703,-1.338461007,-1.31761351,4.816958488,-9.232277006,3.326046977,-11.32673693,-1.49091151,-2.094459919,3.7634,6.7408,0.63600926,1.02820825,2.33E-10,2.32E-10,1.64E-09,0.500989511,1.160737435
ep-84791,COC(C)C(OC)OC,-1.389135507,-0.350273888,-0.335399674,8.128583434,-7.865449389,6.33236024,-8.798255495,-1.796223194,-0.932806106,10.6334,13.8689,0.72722638,1.22423273,2.87E-10,3.23E-10,1.16E-09,0.470559539,1.02487014
ep-85302,COCOCC(C)OC,-2.026377046,-0.344827944,-0.330423896,8.005315882,-7.676058184,5.58976168,-10.00371963,-2.415554203,-2.327661445,3.6129,5.2079,0.32311628,0.71970354,1.05E-10,9.91E-11,1.53E-09,0.514911211,1.213113918
ep-85392,COCOC(C)COC,-1.746053572,-0.346793316,-0.330161129,7.722589644,-7.805040125,5.615612491,-9.804804442,-2.106977153,-1.999764316,5.6269,7.5851,0.55938925,0.97938483,3.13E-10,3.12E-10,2.00E-09,0.500647646,1.438001673
ep-85746,CCOCC(OC)OC,-1.391712424,-0.352738765,-0.334463603,8.034159945,-7.833884188,6.410729014,-8.782745009,-1.623430931,-0.948860821,12.0759,21.8979,0.83487676,2.1000938,1.58E-10,1.82E-10,7.56E-10,0.46525933,0.532081798
ep-85845,CCOC(COC)OC,-1.705807941,-0.344899167,-0.327327004,8.076881812,-7.762590373,6.1225605,-9.619767058,-1.954321312,-1.857176685,5.7946,17.9483,0.6379122,1.11481348,1.20E-10,1.20E-10,1.21E-09,0.500567222,0.157002187
ep-86709,COCCOC(C)OC,-1.039602609,-0.352080723,-0.332653218,7.943818163,-7.882048331,6.782980693,-8.126950751,-1.160837471,-0.24490242,21.92,22.7196,0.9303992,2.03934659,1.31E-10,1.16E-10,6.29E-10,0.530362649,0.832651506
ep-86886,COCCOCCOC,-2.139968231,-0.332610863,-0.314541915,8.452670969,-7.708983954,6.32882276,-9.752286478,-2.123848209,-2.043302524,5.1717,10.8952,1.00367564,1.99332308,1.18E-10,1.26E-10,8.29E-10,0.484050762,0.561378379
ep-86924,CCOCCOCOC,-1.918889374,-0.346496475,-0.330396093,7.985723689,-7.797420939,5.875209056,-9.795008345,-2.110514633,-1.997587406,5.0764,9.3635,0.6329099,0.86709085,2.63E-10,2.67E-10,1.54E-09,0.496840534,1.701447613
ep-874294,FC(F)(F)OCC(F)(F)OC(F)(F)F,-0.438818877,-2.009508032,-1.994583781,4.86866011,-10.19664831,3.736394588,-11.88593078,-1.132265522,-1.68928247,6.6175,7.133,0.43280679,0.51881673,1.75E-10,1.71E-10,2.86E-09,0.505009268,0.509294353
ep-874591,CC(F)OC(F)(F)C(F)(F)C(F)(F)F,-0.563041548,-1.563409794,-1.547847908,4.585389644,-10.11202092,2.005478706,-11.36292806,-2.579910938,-1.250907139,7.0131,9.5056,0.30728774,0.71979474,1.71E-10,1.69E-10,2.05E-09,0.502785377,0.217515544
ep-874594,CC(F)(F)C(F)(F)OC(F)C(F)(F)F,-0.347957358,-1.584798694,-1.563060581,4.836550681,-10.48889853,2.968761558,-11.62687845,-1.867789123,-1.137979912,16.6973,15.9435,0.51946185,0.75763478,1.05E-10,9.69E-11,2.19E-09,0.519339467,0.441387662
ep-874606,CC(F)(F)OC(F)C(F)(F)C(F)(F)F,-0.545000403,-1.577754877,-1.560496664,4.88444271,-10.06603369,1.943980987,-11.38877887,-2.940461723,-1.322745182,6.2607,7.2285,0.49942998,0.8807638,1.78E-10,1.77E-10,1.84E-09,0.501598818,0.269089995
ep-874627,FC(COC(F)(F)C(F)F)C(F)(F)F,-0.506479974,-1.570196614,-1.543346541,4.759270362,-9.815688994,3.042232284,-11.12210735,-1.717038078,-1.306418354,13.3713,13.1163,1.20534875,2.66558818,1.10E-10,1.03E-10,3.31E-10,0.516948629,0.916861849
ep-875828,CC(C)OC(F)(F)C(F)(F)C(F)(F)F,-0.494281112,-1.176830055,-1.16344387,4.56362054,-9.383300165,2.82426913,-10.97679858,-1.73935141,-1.593498413,7.3509,8.1175,0.51680126,1.13208699,1.18E-10,1.17E-10,1.18E-09,0.501096314,0.996726592
ep-879333,FCOC(F)(F)CC(F)OC(F)(F)F,-0.833147148,-1.516310486,-1.494462612,4.798998977,-9.717728026,2.228884136,-10.76808729,-2.570114841,-1.050359268,6.3272,9.1772,1.08394827,2.88806474,1.08E-10,1.05E-10,5.31E-10,0.505543161,0.133848527
ep-879334,COC(F)(F)C(F)(F)C(F)OC(F)F,-0.608778436,-1.473644904,-1.454767797,4.679541019,-9.497587961,1.766834903,-10.48862642,-2.912706115,-0.99103846,4.9751,6.0291,1.05021901,1.5072925,1.59E-10,1.59E-10,9.34E-10,0.500424482,0.097621238
ep-886903,COC(C(F)(F)F)C(F)(F)OC(F)F,-0.666803982,-1.488591112,-1.465706198,4.754372314,-8.926693209,2.405758106,-10.52481756,-2.348614208,-1.598124347,12.057,13.1998,0.7478114,1.26585072,2.07E-10,1.99E-10,9.67E-10,0.508792925,0.151713475
ep-886906,CC(OC(F)(F)F)C(F)(F)OC(F)F,-0.460054638,-1.52467555,-1.503619671,4.784032718,-9.971338087,2.22915625,-11.01298971,-2.554876468,-1.041651626,11.3606,10.2072,0.78712697,0.78548515,1.14E-10,1.13E-10,1.72E-09,0.501645018,0.224250385
ep-886918,COC(F)(F)C(OC(F)(F)F)C(F)F,-0.532246429,-1.498002812,-1.475688049,4.670561263,-9.39364049,1.723568809,-10.13678328,-2.946992454,-0.743142788,12.5401,13.1146,0.88585646,1.23596474,1.11E-10,1.10E-10,8.91E-10,0.50276844,0.119774295
ep-886929,CC(F)(OC(F)(F)F)C(F)OC(F)F,-0.341467444,-1.512518938,-1.489033798,4.85723133,-10.16535523,2.06235049,-10.55747121,-2.79488084,-0.392115986,9.6774,11.6173,1.02423298,1.85746125,1.15E-10,1.16E-10,7.65E-10,0.497931389,0.076210211
ep-886941,COC(F)(COC(F)(F)F)C(F)(F)F,-1.022222701,-1.484388243,-1.47309996,4.418855998,-9.38221171,3.154615283,-11.9158633,-1.264240715,-2.533651592,2.8394,3.7446,0.43900076,0.69475462,1.95E-10,1.94E-10,2.05E-09,0.501543829,0.217514537
ep-887024,CC(F)(F)OC(F)(F)C(F)OC(F)F,-0.598157834,-1.51535107,-1.48869738,4.837367023,-10.0780067,4.188103496,-11.40075188,-0.649263527,-1.322745182,13.8066,14.3844,1.51220652,1.81239868,1.05E-10,1.05E-10,5.82E-10,0.498704648,1.000552646
ep-887031,CC(F)OC(F)(F)C(F)(F)OC(F)F,-0.50419966,-1.509706427,-1.485503337,4.712738902,-9.966712153,2.609299228,-10.82223794,-2.103439674,-0.855525787,14.7478,21.5418,0.82736774,1.02432959,1.69E-10,1.67E-10,1.26E-09,0.502992561,0.20590875
ep-887038,FCC(F)OC(F)(F)COC(F)(F)F,-0.615681963,-1.506648011,-1.476278249,4.838999705,-9.846709967,3.599521346,-10.3343379,-1.239478359,-0.48762793,26.5025,23.5901,1.62648527,2.35713766,1.01E-10,1.05E-10,4.07E-10,0.491498035,0.092547911
ep-887077,FCOC(F)(F)COC(F)(F)C(F)F,-0.600370119,-1.490682092,-1.463395379,4.840632388,-9.770518103,4.485251765,-11.14714182,-0.355380623,-1.376623714,11.6359,10.6025,1.5911741,2.33758595,1.10E-10,1.14E-10,4.89E-10,0.492285988,0.294783495
ep-887078,COC(F)(F)COC(F)(F)C(F)(F)F,-0.613651994,-1.488898458,-1.47252623,4.609879886,-9.249420176,1.526558418,-10.20862132,-3.083321468,-0.959201145,7.8616,8.7557,0.75045093,0.93063305,1.61E-10,1.55E-10,1.39E-09,0.509585808,0.23042444
ep-9006,COC1CCCO1,-1.248191443,-0.271005098,-0.257459753,7.914701987,-7.923953856,3.875172626,-10.11011613,-4.039529361,-2.186162269,2.1967,9.1629,0.45291682,1.1651034,1.20E-10,1.25E-10,2.05E-09,0.490366881,0.172664314
ep-9007,CCCC1OCO1,-1.586978566,-0.227763174,-0.216740324,6.901622309,-8.334029353,1.275125267,-11.91667964,-5.626497043,-3.582650291,1.1877,1.6923,0.37646891,1.15409443,1.06E-10,1.04E-10,1.62E-09,0.503997654,0.111433765
ep-90404,COC=COC(C)OC,-1.159770785,-0.322400567,-0.299123693,7.237410739,-8.146815058,5.587856883,-8.595530714,-1.649553856,-0.448715656,66.7936,42.6858,1.94659091,4.82256828,1.04E-10,9.79E-11,2.16E-10,0.515885492,0.26285744
ep-904934,FC(OC(F)(F)F)C(F)(F)OC(F)(F)F,-0.519223063,-2.186425092,-2.17628018,4.731514754,-10.79611502,3.333121936,-12.7085308,-1.398392818,-1.912415786,4.1006,4.2328,0.33708049,0.44456562,1.93E-10,1.84E-10,2.84E-09,0.512048228,0.897560478
ep-905072,CC(F)(F)C(F)(F)OC(F)(F)C(F)(F)F,-0.436631082,-1.745790495,-1.734060576,4.674915084,-10.8668646,2.308613479,-12.4304305,-2.366301605,-1.563565895,5.2538,5.4273,0.35465379,0.5907318,2.15E-10,2.12E-10,2.96E-09,0.503340941,0.307543537
ep-905077,FC(F)CC(F)(F)OC(F)(F)C(F)(F)F,-0.726688066,-1.74599322,-1.73238239,4.562804198,-10.79529867,0.983419273,-12.2984553,-3.579384925,-1.503156631,2.9229,3.9834,0.60905157,0.75178744,1.28E-10,1.26E-10,1.96E-09,0.503817077,0.135652815
ep-905087,FCC(F)(F)OC(F)C(F)(F)C(F)(F)F,-0.906892709,-1.720447327,-1.707504688,4.766345321,-10.33461001,1.010902767,-12.36675587,-3.755442554,-2.032145858,2.6797,7.911,0.56565161,0.768881,2.09E-10,2.09E-10,1.64E-09,0.500019024,1.041705824
ep-905089,FCC(F)(F)C(F)OC(F)(F)C(F)(F)F,-0.541732316,-1.727163398,-1.701299889,4.630016307,-10.50277634,2.75052629,-11.05652792,-1.879490017,-0.553751583,15.2218,17.3587,0.98944783,1.46504811,1.40E-10,1.30E-10,8.46E-10,0.519309006,0.06641409
ep-905094,FC(OC(F)C(F)(F)C(F)F)C(F)(F)F,-0.432339848,-1.733002961,-1.702276475,4.834101657,-10.3343379,2.651204753,-10.93815842,-2.182896904,-0.603820522,16.4355,15.7445,0.80704358,1.80108145,2.50E-10,2.48E-10,7.61E-10,0.502050973,0.065153173
ep-905099,FC(COC(F)(F)C(F)(F)F)C(F)(F)F,-0.472163702,-1.73835423,-1.721876681,4.601988586,-10.07773458,2.379363067,-11.89817591,-2.222625518,-1.820441322,5.5753,8.0592,0.59330409,1.0058616,1.03E-10,1.09E-10,1.07E-09,0.485800354,0.520405337
ep-908414,FC(F)OC(F)CC(F)(F)OC(F)(F)F,-0.86827704,-1.678597346,-1.665130578,4.603349155,-9.922629717,0.642732796,-11.97436777,-3.960616359,-2.051738052,2.5001,4.3754,0.67507809,1.33158864,1.14E-10,1.12E-10,1.22E-09,0.505900224,0.31066512
ep-912188,CCC(OC(F)(F)F)C(F)(F)C(F)(F)F,-0.481361149,-1.340892566,-1.327115444,4.891245555,-10.00371963,2.691477596,-11.55476829,-2.199767959,-1.55104866,8.0133,10.5328,1.19099149,2.1490156,1.13E-10,1.08E-10,4.62E-10,0.510510966,0.163419462
ep-913088,FCOC(F)(CF)C(F)(F)OC(F)(F)F,-0.966333248,-1.639048327,-1.623247824,4.598995334,-9.849703219,1.874047741,-11.43340553,-2.724947593,-1.583702316,4.0109,6.322,0.82742131,1.32475664,1.39E-10,1.35E-10,1.03E-09,0.507788251,0.214967281
ep-913089,CC(F)(OC(F)F)C(F)(F)OC(F)(F)F,-0.643614444,-1.664982204,-1.649008551,4.536953387,-10.24508457,1.783978073,-12.03722606,-2.752975315,-1.792141487,4.291,7.9992,0.51391,0.8989106,2.08E-10,1.97E-10,1.64E-09,0.513778064,0.09762338
ep-913090,COC(C(F)(F)F)C(F)(F)OC(F)(F)F,-0.618852089,-1.653191083,-1.636176094,4.798182635,-8.975945807,3.204139995,-10.59964885,-1.59404264,-1.623703045,12.1459,14.0478,0.46546786,0.607686,1.82E-10,1.87E-10,1.57E-09,0.493330517,0.104310392
ep-913092,FCC(OC(F)F)C(F)(F)OC(F)(F)F,-0.849182815,-1.662086197,-1.64136645,4.668656467,-9.883173216,2.772295394,-11.63313706,-1.896361072,-1.749963848,5.2171,5.297,0.84781251,1.44612692,1.57E-10,1.53E-10,9.05E-10,0.505643715,0.148860343
ep-913095,FCOC(F)(C(F)F)C(F)(F)OC(F)F,-0.655255473,-1.64136688,-1.618045008,4.471101848,-10.02385605,2.416370544,-11.08890946,-2.054731304,-1.065053413,7.2031,8.7723,1.14021273,2.12166732,1.16E-10,1.14E-10,5.98E-10,0.503532636,0.20266006
ep-913097,CC(F)(OC(F)(F)F)C(F)(F)OC(F)F,-0.49092867,-1.679217193,-1.663705704,4.724439796,-10.48372837,1.656900928,-11.60483723,-3.067538867,-1.121108856,5.3308,8.0891,0.48349729,1.12678676,1.84E-10,1.80E-10,1.17E-09,0.505357811,0.341975041
ep-913106,COC(F)(F)C(F)(OC(F)F)C(F)(F)F,-0.482131231,-1.646470445,-1.62933902,4.32443251,-9.672557135,4.267288612,-11.01326183,-0.057143898,-1.340704693,13.7018,14.2421,0.66057911,1.11413292,1.41E-10,1.39E-10,1.09E-09,0.50525709,0.875688995
ep-913108,COC(F)(F)C(OC(F)(F)F)C(F)(F)F,-0.529544339,-1.666476682,-1.651302184,4.649880614,-9.48316593,1.198933403,-10.57597495,-3.450947212,-1.092809021,5.8402,5.7771,0.62834442,0.9105551,2.19E-10,2.20E-10,1.36E-09,0.499582538,0.162414791
ep-913124,COC(F)C(F)(OC(F)(F)F)C(F)(F)F,-0.525805496,-1.639299674,-1.622992896,4.426747298,-9.258399931,2.822364334,-10.99557443,-1.604382965,-1.737174499,13.2183,16.493,0.80323399,1.76850744,2.23E-10,2.35E-10,8.21E-10,0.486720372,0.150133428
ep-913132,FC(F)OCC(OC(F)(F)F)C(F)(F)F,-0.59126247,-1.677615588,-1.655098744,4.82784304,-9.686979166,2.743723445,-10.9397911,-2.084119594,-1.252811935,7.8713,8.3953,1.35913557,2.83656337,1.05E-10,9.58E-11,4.72E-10,0.521943297,0.178157785
ep-913172,CC(F)OC(F)(F)C(F)(F)OC(F)(F)F,-0.532722629,-1.667195492,-1.652570378,4.576409888,-10.12644295,2.274599254,-11.28972945,-2.301810634,-1.163286495,8.4161,10.6786,0.6342431,1.00248928,1.05E-10,1.08E-10,1.31E-09,0.493750773,0.221739957
ep-913180,FC(F)OCC(F)(F)OC(F)C(F)(F)F,-0.533212433,-1.673454539,-1.648286733,4.8980484,-9.688611849,2.229700477,-10.56536251,-2.668347923,-0.876750664,9.5934,9.2046,1.21220653,1.84145723,1.03E-10,1.05E-10,5.78E-10,0.494974114,0.701759081
ep-913190,COC(F)(F)C(F)OC(F)(F)C(F)(F)F,-0.567215774,-1.649507952,-1.632666828,4.645798907,-9.408606749,4.368787059,-10.93217192,-0.277011848,-1.523565166,11.1183,11.8815,0.50091982,0.82651102,2.19E-10,2.19E-10,1.54E-09,0.500194826,0.207369605
ep-913212,FC(F)OC(F)(F)COC(F)C(F)(F)F,-0.482923082,-1.670584598,-1.639559757,4.581580051,-9.748748999,3.452852008,-10.73951534,-1.128728042,-0.990766346,22.7299,22.7145,1.33754866,2.19932808,1.16E-10,1.18E-10,5.26E-10,0.4971814,0.193345062
ep-91924,CCC(OC)OCOC,-1.794878952,-0.356851351,-0.343616919,7.438774951,-7.958784422,5.483365184,-10.1963762,-1.955409767,-2.237591777,3.6488,6.2505,0.55701069,0.68217922,2.85E-10,2.96E-10,2.39E-09,0.490547694,1.060408144
ep-92297,COC(C)OC(C)OC,-1.077747522,-0.37208511,-0.353000113,7.835516871,-7.956607512,6.327734305,-8.493488039,-1.507782566,-0.536880527,28.4322,23.6738,0.59723707,1.34430351,2.28E-10,2.42E-10,1.26E-09,0.485796129,1.403767186
ep-923050,FC(F)C(F)(F)OC(F)(F)C(F)C(F)(F)F,-0.359214706,-1.90052126,-1.883590037,4.484435424,-10.80672745,2.246571533,-11.61136796,-2.237863891,-0.804640507,4.3508,6.6779,0.47446539,0.91027723,5.19E-10,5.19E-10,1.23E-09,0.499892782,0.859764239
ep-923051,FC(F)C(F)C(F)(F)OC(F)(F)C(F)(F)F,-0.54893789,-1.897548568,-1.882697806,4.330146899,-11.10061036,1.810917339,-12.07069605,-2.51922956,-0.970085697,5.0779,6.9037,0.40450566,1.10830617,1.23E-10,1.23E-10,1.59E-09,0.49918662,0.670495113
ep-923052,FC(F)(F)CC(F)(F)OC(F)(F)C(F)(F)F,-0.325584162,-1.936978311,-1.925002129,4.702942805,-10.8431907,1.083012924,-11.57953065,-3.619929881,-0.736339943,3.227,4.046,0.50284367,0.70292173,1.48E-10,1.44E-10,1.73E-09,0.506859912,0.041287987
ep-923053,FC(F)C(F)OC(F)(F)C(F)(F)C(F)(F)F,-0.371144175,-1.897736477,-1.877099971,4.538041843,-10.61107763,2.758145477,-11.22578271,-1.779896366,-0.614705074,12.603,14.9297,0.48199002,1.15182885,1.98E-10,2.07E-10,1.51E-09,0.487964678,0.151120267
ep-923055,FC(OC(F)(F)C(F)C(F)(F)F)C(F)(F)F,-0.461007037,-1.913562465,-1.898417064,4.499945911,-10.614343,1.170905681,-12.24757002,-3.329040229,-1.633227028,3.5624,5.394,0.74581733,0.6367125,2.52E-10,2.59E-10,2.21E-09,0.492336816,0.339421317
ep-923057,FC(F)C(F)(F)OC(F)C(F)(F)C(F)(F)F,-0.454277662,-1.899614214,-1.879718613,4.742943534,-10.52508967,3.06917155,-11.85599827,-1.673771984,-1.330908596,11.6141,12.4302,0.42506303,0.9560992,2.19E-10,2.21E-10,1.87E-09,0.498033459,1.030036083
ep-927548,COC(F)(C(F)(F)F)C(F)(F)OC(F)(F)F,-0.487804804,-1.803700286,-1.795136292,4.154361385,-9.748476885,2.34589307,-11.66851186,-1.808468315,-1.920034973,4.9926,7.1154,0.48953388,0.44213872,5.28E-10,5.32E-10,2.60E-09,0.498147533,0.136639045
ep-927549,FCOC(F)(C(F)F)C(F)(F)OC(F)(F)F,-0.506286773,-1.796006053,-1.778495244,4.778862556,-9.991474508,2.619367439,-11.86470591,-2.159495117,-1.873231399,4.7078,5.4175,0.81376477,1.30411163,1.50E-10,1.51E-10,9.85E-10,0.498656154,0.218129358
ep-927564,FCOC(F)(C(F)OC(F)(F)F)C(F)(F)F,-0.728576536,-1.805445968,-1.792934032,4.684166953,-10.31909952,1.490639396,-11.64837544,-3.193527557,-1.329275913,3.7351,6.4749,0.66331369,1.1251554,1.57E-10,1.54E-10,1.32E-09,0.505355764,0.294020216
ep-927568,FC(F)C(OC(F)(F)F)C(F)OC(F)(F)F,-0.792232117,-1.835354568,-1.814175951,4.771787597,-10.26168351,2.566577362,-12.26117571,-2.205210235,-1.999492202,4.0076,4.2639,0.45929953,0.69565083,1.03E-10,1.03E-10,1.65E-09,0.500753513,0.146395234
ep-927575,FC(F)(F)OCC(OC(F)(F)F)C(F)(F)F,-0.664714148,-1.852173493,-1.835482462,4.749474265,-10.01324361,2.889576442,-11.79912648,-1.859897823,-1.785882869,4.9912,5.1462,0.68756254,1.08121201,1.24E-10,1.21E-10,1.50E-09,0.506432786,0.210489596
ep-927588,COC(F)(F)C(F)(F)OC(F)(F)C(F)(F)F,-0.469529641,-1.804250815,-1.794543657,4.708657195,-9.657590876,1.852822864,-11.52429154,-2.855834331,-1.866700668,5.4719,8.0862,0.44118786,0.67054181,1.48E-10,1.43E-10,1.77E-09,0.508130954,0.167576022
ep-927601,FC(F)OC(F)(F)C(F)(F)OCC(F)(F)F,-0.467388105,-1.83688571,-1.815118611,4.427019412,-10.16045718,2.472425987,-10.85598005,-1.954593425,-0.695522873,10.3066,12.7321,0.83972188,0.89557175,1.28E-10,1.27E-10,1.56E-09,0.500324293,0.185991672
ep-932052,FC(C(F)(F)F)C(F)(F)OC(F)(F)C(F)(F)F,-0.485652383,-2.073646615,-2.066002031,4.308377795,-11.07992971,0.393748669,-12.93846696,-3.914629127,-1.858537254,2.6434,3.4195,0.41275011,0.62321634,1.83E-10,1.84E-10,2.29E-09,0.498272761,0.214206122
ep-932053,FC(OC(F)(F)C(F)(F)C(F)(F)F)C(F)(F)F,-0.428165622,-2.072762396,-2.063176885,4.43763185,-10.7819651,2.034594883,-12.81601575,-2.403036968,-2.034050655,3.648,3.7734,0.34686589,0.48628361,3.08E-10,3.06E-10,2.93E-09,0.501902211,0.369458763
ep-933188,FC(F)OC(F)C(F)(F)C(F)(F)OC(F)(F)F,-0.706255041,-1.977703078,-1.967421903,4.657227687,-10.34495033,0.902329361,-12.64213503,-3.754898326,-2.2971847,2.7667,3.1111,0.60388202,0.74075851,1.08E-10,1.05E-10,1.68E-09,0.507999588,0.135493358
ep-933192,FC(F)(F)OC(F)(F)CC(F)(F)OC(F)(F)F,-0.478803279,-2.018115415,-2.007747736,4.651513297,-10.79638713,1.450366554,-12.1267515,-3.201146743,-1.330364368,3.3752,4.4096,0.43013483,0.6611159,1.06E-10,1.10E-10,2.36E-09,0.490664934,0.466903748
ep-933194,FC(F)OC(F)(F)C(F)(F)C(F)OC(F)(F)F,-0.313551289,-1.985413924,-1.968910079,4.65532289,-10.6064517,2.134460647,-11.03530305,-2.520862243,-0.428851349,6.619,7.3764,0.58072021,0.64534387,1.34E-10,1.38E-10,1.57E-09,0.492819834,0.256919915
ep-934222,FC(F)C(OC(F)(F)F)C(F)(F)OC(F)(F)F,-0.293433916,-2.002622257,-1.985939963,4.792468246,-10.52699447,2.563856224,-10.95067565,-2.228612022,-0.423681187,13.2185,13.7206,0.59216865,1.136921,1.25E-10,1.32E-10,1.06E-09,0.48706561,0.070056453
ep-934233,FCC(F)(F)OC(F)(F)C(F)(F)OC(F)(F)F,-0.525783727,-1.980504275,-1.9680164,4.6338259,-10.79529867,1.875680423,-11.69926072,-2.758145477,-0.903962044,4.8915,6.8214,0.43900937,0.68249549,2.21E-10,2.18E-10,1.75E-09,0.503148376,0.087135757
ep-934244,FC(F)OC(F)(F)C(F)OC(F)(F)C(F)(F)F,-0.36197394,-1.991401143,-1.975944077,4.599811675,-10.57243747,1.530912239,-11.69191364,-3.068899436,-1.119476173,5.0564,6.1503,0.53404107,0.73921723,1.86E-10,1.85E-10,1.51E-09,0.500968255,0.358947843
ep-934246,FC(OC(F)C(F)(F)OC(F)(F)F)C(F)(F)F,-0.456661379,-1.992042616,-1.976881151,4.664030532,-10.2948814,1.55893996,-11.7757247,-3.105090572,-1.4808433,4.4718,5.5936,0.48376873,0.77209973,1.38E-10,1.36E-10,1.50E-09,0.504069614,0.410310718
ep-934247,FC(F)(F)OC(F)(F)COC(F)(F)C(F)(F)F,-0.532553918,-1.994893223,-1.982810224,4.568790702,-10.23229522,3.498567127,-12.14362255,-1.070223575,-1.911327331,4.9451,11.4512,0.41662543,0.85369048,2.68E-10,2.58E-10,2.41E-09,0.508952921,0.221122817
ep-936441,FC(F)OC(F)(F)C(F)(F)C(F)(F)OC(F)(F)F,-0.543680651,-2.138184392,-2.132078302,4.354637141,-10.73189616,2.271878116,-13.06554411,-2.082759025,-2.333647949,2.8389,3.0053,0.470205,0.66027098,1.54E-10,1.61E-10,2.50E-09,0.48933697,0.324651186
ep-936443,FC(C(F)(F)OC(F)(F)F)C(F)(F)OC(F)(F)F,-0.501981933,-2.152597687,-2.146337065,4.527157291,-11.03149345,1.23022649,-12.52920781,-3.296930801,-1.497714355,2.6401,4.0162,0.38886175,0.58200453,2.18E-10,2.24E-10,2.29E-09,0.493105733,0.156420721
ep-936701,COC(F)(C(F)(F)C(F)(F)F)C(F)(F)C(F)(F)F,-0.653911231,-1.731192917,-1.724900998,4.030005378,-9.911473051,1.630233776,-12.40430757,-2.399771602,-2.492834522,3.191,2.9267,0.82202375,1.99604631,1.09E-10,1.14E-10,7.08E-10,0.489295393,0.142302783
ep-9508,FC1COC(F)O1,-0.491638887,-1.106440263,-1.07014424,4.664846873,-9.205609854,4.48770079,-10.07065962,-0.177146084,-0.86504977,9.7486,10.37,0.85915014,1.91090651,1.22E-10,1.21E-10,1.07E-09,0.50125233,0.023330777
ep-959248,COCCCCOC(F)(F)F,-0.43514262,-0.692587276,-0.674242724,5.040908145,-7.847761992,4.105380901,-8.107358557,-0.935527244,-0.259596565,9.4842,9.9614,0.5542015,0.82973437,1.08E-10,9.89E-11,1.20E-09,0.523077393,0.01616149
ep-959277,COC(F)CCCOC(F)(F)F,-0.62746449,-0.854934125,-0.832187019,4.663758418,-8.609952746,1.109680076,-9.483710158,-3.554078342,-0.873757412,11.4709,12.0509,0.94959388,1.901262,1.05E-10,1.00E-10,6.75E-10,0.510994033,0.070295456
ep-959327,COCCCC(F)(F)OC(F)(F)F,-0.813356312,-0.988215262,-0.970719334,4.943763518,-7.869531096,4.739678168,-9.57622885,-0.20408535,-1.706697754,11.0998,10.8842,0.66711625,0.74277179,1.96E-10,1.89E-10,2.03E-09,0.508348779,0.035387198
ep-959370,COCCC(F)(F)C(F)(F)OCF,-0.734054187,-0.974262998,-0.952687713,4.863217834,-8.017833117,4.638723949,-9.669019655,-0.224493885,-1.651186538,12.2925,12.6197,0.99879278,1.39357324,1.38E-10,1.34E-10,4.72E-10,0.50671515,0.049552447
ep-959405,COCCC(F)C(F)(F)OC(F)(F)F,-1.114167233,-1.121883295,-1.102766929,4.95818555,-7.939464343,3.174751705,-9.565072184,-1.783433845,-1.625607841,11.7628,11.514,0.66069408,1.05260327,1.06E-10,1.02E-10,1.16E-09,0.509633808,0.248039537
ep-959408,FCOCCCC(F)(F)OC(F)(F)F,-0.584247377,-1.148819593,-1.128611927,4.784849059,-8.708730055,1.446556961,-9.63854291,-3.338292098,-0.929812855,9.1003,11.2766,0.89674927,1.27228209,1.48E-10,1.53E-10,8.29E-10,0.491765992,0.051427076
ep-959517,COC(F)(F)CCC(F)(F)OC(F)(F)F,-0.65732898,-1.307150413,-1.289449905,4.868115882,-9.049416533,1.173082592,-10.0445367,-3.69503329,-0.995120167,7.1097,8.1458,1.05548068,1.2227907,1.77E-10,1.82E-10,8.47E-10,0.492130769,0.187537121
ep-959518,FCOC(F)CCC(F)(F)OC(F)(F)F,-0.560236055,-1.301993362,-1.284029645,4.80063166,-9.260848955,1.246281204,-10.4467209,-3.554350456,-1.18587194,4.5152,5.5282,1.01911517,1.69194931,1.50E-10,1.39E-10,7.31E-10,0.517889955,0.077171917
ep-959551,COC(F)(F)C(F)(F)CCOC(F)(F)F,-0.832221961,-1.289794624,-1.270391425,4.659404597,-9.380851141,1.522476711,-10.39637984,-3.136927886,-1.015528702,6.3451,7.2552,1.0740375,1.89551244,1.18E-10,1.19E-10,7.86E-10,0.498174907,0.18663314
ep-959559,FCOCCC(F)(F)C(F)(F)OC(F)F,-0.995691606,-1.272405191,-1.245305131,4.706480285,-8.562604945,2.940733837,-10.56998845,-1.765746448,-2.007383503,10.9513,12.9504,1.12767808,2.16512272,1.04E-10,1.01E-10,4.83E-10,0.506789059,0.496082844
ep-959564,FCOC(F)CC(F)C(F)(F)OC(F)F,-0.924795076,-1.279141863,-1.253538552,4.56008306,-9.323435129,2.333375835,-11.10714109,-2.226707225,-1.783705959,4.2556,4.3,1.14331833,2.64350247,1.04E-10,1.03E-10,4.73E-10,0.502233465,0.34987155
ep-959636,FC(F)(F)OCCCC(F)(F)OC(F)(F)F,-0.405452283,-1.454593341,-1.438199103,4.900497424,-9.681809004,3.503737289,-11.01734353,-1.396760135,-1.33553453,5.5671,6.0367,0.71061255,1.16247956,1.50E-10,1.50E-10,9.96E-10,0.499211342,0.042708882
ep-959677,COCC(F)(F)C(F)(F)C(F)(F)OC(F)F,-0.724919327,-1.389171123,-1.368855354,4.649608501,-8.423826907,3.181010322,-9.969705404,-1.468598179,-1.545878498,16.6538,17.1335,0.97622864,1.41384294,1.81E-10,1.84E-10,8.14E-10,0.495646931,0.181365284
ep-959730,FC(F)OCCC(F)(F)C(F)(F)OC(F)(F)F,-0.713302788,-1.566741008,-1.554023027,4.732875323,-9.563711615,2.409023471,-11.88076062,-2.323851852,-2.317049007,2.7615,3.5537,1.19210802,1.35729921,1.16E-10,1.15E-10,7.99E-10,0.500815632,0.077656751
ep-959767,COC(F)(F)C(F)(F)C(F)(F)COC(F)(F)F,-0.555757062,-1.559672975,-1.540572689,4.573416637,-9.534867552,3.186996826,-10.81924469,-1.386419811,-1.284377136,22.7218,21.6948,0.80985237,1.28590551,1.30E-10,1.24E-10,9.17E-10,0.513268203,0.161179352
ep-959785,COC(F)(F)C(F)(F)C(F)C(F)(F)OC(F)F,-0.576032261,-1.548061137,-1.529509903,4.467564368,-9.576773077,2.330382583,-10.93679785,-2.137181785,-1.360024772,5.4012,5.6671,1.55348484,1.59766489,1.82E-10,1.82E-10,5.59E-10,0.500539893,0.210127239
ep-959790,FC(F)OC(F)(F)CC(F)C(F)(F)OC(F)F,-0.785225187,-1.580543733,-1.560510591,4.574232978,-10.28535741,1.865340099,-11.2690488,-2.708892879,-0.983691387,4.3885,4.9458,1.45673056,1.46500523,1.56E-10,1.52E-10,7.15E-10,0.507113349,1.087320442
ep-959807,FC(F)OCC(F)C(F)(F)C(F)(F)OC(F)(F)F,-0.498199551,-1.696356401,-1.681572953,4.310554706,-9.713918432,2.031329517,-11.16591767,-2.279225189,-1.451999237,3.5527,4.3111,1.11232074,1.76250868,1.11E-10,1.05E-10,6.26E-10,0.515717365,0.15707586
ep-959811,COC(F)(F)C(F)(F)C(F)C(F)(F)OC(F)(F)F,-0.582119447,-1.691930717,-1.679515154,4.465931686,-9.595821043,2.34589307,-11.53027805,-2.120038616,-1.934457004,4.4952,4.9907,0.97064842,1.3408545,1.32E-10,1.27E-10,8.55E-10,0.509785128,0.227642843
ep-959818,FC(CC(F)C(F)(F)OC(F)(F)F)OC(F)(F)F,-0.818137351,-1.728516665,-1.719127007,4.664846873,-10.45434008,0.265310955,-11.97572834,-4.399535918,-1.521388256,2.0225,2.5233,0.67206313,1.23118448,1.61E-10,1.63E-10,8.18E-10,0.496541313,0.230185056
ep-959824,FC(F)(F)OC(F)(F)CCC(F)(F)OC(F)(F)F,-0.29683806,-1.747840703,-1.733418548,4.773148166,-10.65080625,3.216113002,-11.03394248,-1.557035164,-0.38313623,6.1084,6.2938,0.78228357,1.06508307,1.41E-10,1.45E-10,1.25E-09,0.492676537,0.051529744
ep-959825,COC(F)(F)C(F)(F)C(F)(F)C(F)OC(F)(F)F,-0.418238911,-1.686875956,-1.670399465,4.569607043,-9.636093886,4.359807304,-10.85080989,-0.20979974,-1.214716003,12.159,14.1835,0.74588621,1.37875525,2.32E-10,2.33E-10,9.46E-10,0.498866217,0.094051606
ep-959827,FC(F)OCC(F)(F)C(F)(F)C(F)OC(F)(F)F,-0.763434314,-1.700633164,-1.683087266,4.780767352,-9.852424357,2.164393165,-11.42061619,-2.616374187,-1.568191829,3.8384,7.0516,0.99971165,1.7032642,1.07E-10,1.05E-10,6.94E-10,0.504821497,0.335254481
ep-959844,COC(F)(F)C(F)(F)C(F)(F)C(F)(F)OC(F)F,-0.349527455,-1.674714943,-1.66093176,4.51491217,-9.694326239,2.302899089,-10.41216244,-2.21201308,-0.717836204,7.5968,7.3192,1.08002323,1.06722301,1.08E-10,1.11E-10,9.80E-10,0.49259562,0.095296926
ep-959849,FC(F)OC(F)(F)CC(F)(F)C(F)(F)OC(F)F,-0.411329941,-1.724984504,-1.702178275,4.561987857,-10.29651408,2.394873554,-10.70767803,-2.167114303,-0.411163952,7.3609,7.8805,0.9684361,2.32410632,1.19E-10,1.17E-10,6.21E-10,0.504460569,0.180002498
ep-959856,COC(F)(F)C(F)(F)C(F)(F)C(F)(F)OC(F)(F)F,-0.374537434,-1.818575988,-1.810160374,4.549198508,-9.73595965,0.910220661,-10.7800603,-3.638977847,-1.044100651,5.7978,9.145,0.55220212,0.75519544,1.14E-10,1.14E-10,1.49E-09,0.498836639,0.123498696
ep-959858,FC(F)OCC(F)(F)C(F)(F)C(F)(F)OC(F)(F)F,-0.907415168,-1.827002981,-1.816104205,4.646343135,-9.861676226,1.141789505,-12.26144783,-3.50455363,-2.399771602,2.5089,3.0102,0.81586443,1.0241329,1.10E-10,1.10E-10,1.14E-09,0.501402065,0.689693407
ep-959862,FC(F)OC(F)(F)CC(F)(F)C(F)(F)OC(F)(F)F,-0.582326253,-1.8703705,-1.85578755,4.550831191,-10.33270521,1.940987735,-11.66987243,-2.609843456,-1.337167213,4.558,5.1426,0.68142479,1.64791102,1.06E-10,1.08E-10,8.48E-10,0.494691679,0.476082533
ep-959870,FC(F)OC(F)(F)C(F)(F)CC(F)(F)OC(F)(F)F,-0.39021391,-1.869727074,-1.854613626,4.623485576,-10.65407161,2.172284465,-11.23340189,-2.45120111,-0.57933028,5.8711,7.6239,0.74323606,1.54048128,1.10E-10,1.06E-10,7.76E-10,0.50887556,0.540282615
ep-959871,FC(OC(F)(F)F)C(F)(F)CC(F)(F)OC(F)(F)F,-0.829296738,-1.870014031,-1.85938576,4.654506549,-10.68618104,1.016617157,-12.2668901,-3.637889392,-1.580709064,2.7478,3.1848,0.78613785,1.02731636,1.06E-10,1.05E-10,1.15E-09,0.50310997,0.13638878
ep-959879,FCOC(F)(F)C(F)(F)C(F)(F)C(F)(F)OC(F)F,-0.474941984,-1.825972288,-1.8079847,4.527701518,-10.24644514,1.840033516,-11.19530596,-2.687668003,-0.948860821,8.8127,9.5988,0.95097941,1.10502195,2.35E-10,2.30E-10,7.24E-10,0.504631811,0.062699123
ep-959884,FC(F)(F)OCC(F)(F)C(F)(F)C(F)(F)OC(F)(F)F,-0.573286633,-1.986976008,-1.977984626,4.538313956,-10.21351937,1.912415786,-11.88837981,-2.62589817,-1.674860439,3.71,5.4821,0.6447352,0.78038506,2.43E-10,2.44E-10,1.70E-09,0.49949123,0.385356948
ep-959885,FC(F)OC(F)(F)C(F)C(F)(F)C(F)(F)OC(F)(F)F,-0.480256367,-1.983697161,-1.971806159,4.445795264,-10.55338951,2.105616584,-11.54660488,-2.34017868,-0.99321537,3.6771,4.5866,0.73180808,0.93165269,1.10E-10,1.06E-10,1.01E-09,0.507803793,0.156733458
ep-959887,FC(F)(F)OC(F)(F)CC(F)(F)C(F)(F)OC(F)(F)F,-0.533454615,-2.011584867,-2.002193354,4.622669234,-10.79203331,1.526286304,-11.93654395,-3.09638293,-1.144510643,3.6964,4.7484,0.85290727,0.99140109,1.19E-10,1.19E-10,1.50E-09,0.500929109,0.625499954
ep-959888,FC(F)OC(F)(F)C(F)(F)C(F)C(F)(F)OC(F)(F)F,-0.452274905,-1.985098547,-1.969961227,4.511646804,-10.63257462,1.4808433,-11.8666107,-3.030803504,-1.234036083,5.6902,6.1866,0.76191998,1.36865139,1.53E-10,1.55E-10,9.77E-10,0.496359937,0.168993314
ep-959890,FC(C(F)C(F)(F)OC(F)(F)F)C(F)(F)OC(F)(F)F,-1.2822356,-1.987218066,-1.983338218,4.287697147,-11.0187041,0.020408535,-13.38473359,-4.267288612,-2.366029491,1.3354,2.8745,0.64833585,1.12072301,1.96E-10,1.93E-10,1.12E-09,0.503567503,0.346013235
ep-959891,FC(F)OC(F)(F)C(F)(F)C(F)(F)C(F)OC(F)(F)F,-0.289175335,-1.981088826,-1.966018545,4.515456397,-10.68699738,2.170107555,-10.98632256,-2.345348842,-0.29932518,6.3731,6.3699,0.91511645,1.15351787,2.59E-10,2.61E-10,1.17E-09,0.4978177,0.144496289
ep-959895,FC(OC(F)(F)F)C(F)(F)C(F)(F)C(F)(F)OC(F)(F)F,-0.530379729,-2.1190758,-2.113264439,4.487972903,-10.76155656,0.751850429,-12.23478068,-3.736122474,-1.473224113,2.7394,3.3969,0.5490808,0.70091586,1.31E-10,1.33E-10,1.93E-09,0.497404585,0.12024208
ep-959912,CCC(OC)C(F)(F)OC,-1.129830103,-0.538893151,-0.522956806,5.066758956,-8.088854819,1.758943603,-9.969161177,-3.307815353,-1.880306358,6.6085,7.7968,0.59673549,0.85805206,1.99E-10,1.97E-10,1.49E-09,0.502116931,0.627447882
ep-959915,CCC(COC(F)F)OC,-1.120755108,-0.539218451,-0.517987885,4.984036361,-7.854020609,2.268612751,-9.369422362,-2.71542361,-1.515401752,15.6277,16.0809,0.92017543,1.24321656,1.03E-10,1.00E-10,1.06E-09,0.50584801,0.745244986
ep-959918,COCC(CC(F)(F)F)OC,-1.629101782,-0.670796032,-0.651852087,5.330709342,-7.864360934,3.419109897,-9.721809733,-1.911599445,-1.857448799,6.655,6.9405,0.44260383,0.81583333,1.30E-10,1.29E-10,1.64E-09,0.501891748,0.577592667
ep-959961,CCC(OC(F)F)C(F)OC,-1.048272155,-0.698332711,-0.673426383,4.39463787,-8.684784041,4.576682002,-9.975691908,0.182044132,-1.290907867,19.3346,15.4321,0.75701505,1.71078231,1.05E-10,1.04E-10,5.61E-10,0.501095908,0.453715331
ep-959962,CCC(COC(F)(F)F)OC,-1.001014152,-0.692498591,-0.676396999,4.953287501,-7.887490607,4.478721034,-9.698952173,-0.474566467,-1.811461567,11.3502,12.6233,0.58662583,0.85930045,2.19E-10,2.21E-10,1.29E-09,0.498066083,0.880722745
ep-960012,COCC(CCF)OC(F)(F)F,-0.690458835,-0.834027869,-0.814017486,4.958729777,-8.029261897,4.785121173,-9.511465765,-0.173608604,-1.482203869,20.235,17.781,1.46019041,2.07022722,1.13E-10,1.11E-10,5.33E-10,0.504627179,0.172685979
ep-960042,CCC(F)(COC(F)(F)F)OC,-0.890946841,-0.850242141,-0.831774024,4.327969989,-8.787370943,4.568518588,-10.42440756,0.240548599,-1.637036621,12.4786,14.3484,1.0272657,1.73923125,1.17E-10,1.10E-10,5.55E-10,0.51425699,0.283301718
ep-960046,CCC(OC)C(F)(F)OC(F)F,-0.918430334,-0.843268853,-0.824310561,4.879816775,-8.247497164,4.518721763,-9.921269148,-0.361095013,-1.673771984,10.7925,16.0458,0.53544618,0.96388381,1.14E-10,1.11E-10,1.66E-09,0.505981048,0.327704951
ep-960168,COC(C(C)F)C(F)OC(F)(F)F,-1.265486996,-0.975672794,-0.956134158,4.949750022,-8.381377154,2.764948322,-10.36644732,-2.1848017,-1.985070171,5.5995,6.6677,0.57183252,1.32112495,1.06E-10,1.07E-10,1.18E-09,0.497865317,0.291977496
ep-960179,CCC(F)(OCF)C(F)OC(F)F,-0.80849908,-0.994273628,-0.968386329,4.858319785,-9.343299437,1.809828884,-10.36127716,-3.048490901,-1.017977726,7.3452,8.6585,1.06630218,2.87158054,1.03E-10,1.01E-10,3.19E-10,0.506026869,0.156464853
ep-960185,CCC(OC)C(F)(F)OC(F)(F)F,-0.837016607,-0.985299562,-0.971925911,5.066214728,-8.339199515,2.592700286,-10.18576376,-2.473514442,-1.846564247,7.536,7.9601,0.48648789,0.66010091,2.95E-10,3.00E-10,2.13E-09,0.495473973,0.250643882
ep-960188,CCC(OC(F)(F)F)C(F)(F)OC,-0.64948666,-1.006994701,-0.989972251,4.885803279,-9.251324972,1.6247915,-10.12181702,-3.261011779,-0.870492046,8.8378,9.4107,0.52165162,1.08735332,1.01E-10,9.42E-11,1.37E-09,0.516298921,0.194372671
ep-960330,COC(C(F)OC(F)(F)F)C(C)(F)F,-0.965122341,-1.132931734,-1.112597906,4.93886547,-8.524236899,3.152166259,-10.1155584,-1.786699211,-1.591321502,10.6658,11.5667,0.74974187,1.93487386,1.13E-10,1.05E-10,7.89E-10,0.517449564,0.221156284
ep-960337,COC(F)(C(C)F)C(F)(F)OC(F)F,-1.917847178,-1.103546288,-1.096366689,4.363889011,-9.257039362,0.270209003,-12.41301521,-4.093680007,-3.155975852,1.3128,1.3113,0.1877362,0.17035119,1.03E-10,1.02E-10,7.66E-10,0.501809961,0.213596056
ep-960358,CCC(F)(OC(F)F)C(F)(F)OCF,-0.77803594,-1.135627516,-1.112065429,4.459128841,-9.814328425,4.308649909,-11.28129392,-0.150478931,-1.466965496,8.418,8.6539,1.13614053,1.71468122,1.12E-10,1.13E-10,5.78E-10,0.49789564,0.601975658
ep-960359,CCC(F)(OC(F)(F)F)C(F)(F)OC,-0.70962381,-1.13662506,-1.121579022,4.717636951,-9.30057757,4.107013583,-10.81761201,-0.610623367,-1.517034435,12.236,11.4932,0.60437682,1.53805191,1.65E-10,1.66E-10,1.06E-09,0.499106496,0.785374835
ep-960361,CCC(F)(OC(F)F)C(F)OC(F)F,-0.729335734,-1.147243188,-1.125110812,4.765801093,-9.815961107,1.976362529,-10.89407598,-2.789438564,-1.078114876,5.9079,6.5815,0.91658733,1.82631563,1.00E-10,9.87E-11,6.14E-10,0.504288418,0.186464539
ep-960365,CCC(OCF)C(F)(F)OC(F)(F)F,-0.917722838,-1.131718354,-1.120086231,4.724439796,-9.180575384,1.556218822,-11.85654249,-3.168220973,-2.675967109,2.674,3.7443,0.54047839,0.97144002,1.34E-10,1.34E-10,1.10E-09,0.49985077,0.467631074
ep-960367,CCC(OC(F)(F)F)C(F)(F)OCF,-0.67963959,-1.149858202,-1.132201603,4.922810756,-9.787117045,3.579384925,-11.53680878,-1.343425831,-1.749691734,5.4068,6.9761,0.72752504,1.00674713,1.95E-10,2.03E-10,9.78E-10,0.490986176,0.3758288
ep-960370,CCC(COC(F)(F)F)OC(F)(F)F,-0.324550129,-1.159870134,-1.142985596,4.940226039,-9.698407946,3.987011398,-10.05351645,-0.953214641,-0.355108509,19.7065,25.033,0.679369,1.33166208,1.10E-10,1.05E-10,8.76E-10,0.511173542,0.151333372
ep-960377,COC(COC(F)F)C(F)(F)C(F)(F)F,-0.984616574,-1.256896313,-1.238197147,4.929885715,-8.577843317,4.38103218,-10.74414128,-0.548853535,-2.166297962,6.3813,7.2776,1.15217709,1.84747564,1.44E-10,1.48E-10,5.57E-10,0.492940897,0.514617735
ep-960404,COC(CC(F)(F)F)C(F)(F)OC(F)F,-0.736024291,-1.294265701,-1.272081128,4.786209628,-8.499202429,3.197065036,-10.11419783,-1.589144592,-1.614995403,14.4373,14.0055,0.92534614,1.72789337,1.14E-10,1.09E-10,5.31E-10,0.511335765,0.438948806
ep-960407,COC(CC(F)(F)F)C(F)OC(F)(F)F,-0.790234802,-1.292720836,-1.271319581,5.003900668,-8.423826907,3.101008865,-10.06929906,-1.902891803,-1.645472149,12.376,11.7212,1.42576994,1.88029525,1.13E-10,1.12E-10,5.27E-10,0.502276666,0.391267523
ep-960451,COC(F)(CC(F)F)C(F)OC(F)(F)F,-0.920648062,-1.274623413,-1.25157624,4.955192298,-9.359082037,1.243560066,-10.13868807,-3.711632232,-0.779606037,7.3228,8.9647,1.16354778,2.01570899,1.22E-10,1.21E-10,5.52E-10,0.501751614,0.853616463
ep-960526,COC(F)C(F)(OC(F)(F)F)C(C)(F)F,-0.907888646,-1.264999862,-1.246246644,4.654506549,-9.105471976,3.845240108,-11.17816279,-0.809266441,-2.072690815,4.6087,5.7363,1.18511888,2.9390118,1.02E-10,1.06E-10,3.82E-10,0.491036494,0.093614159
ep-960539,COC(F)(C(C)F)C(F)(F)OC(F)(F)F,-0.763771735,-1.268384091,-1.252441562,4.462938434,-9.229283755,3.052572608,-10.71801835,-1.410365825,-1.4887346,11.0707,12.6224,0.61319268,1.1712457,1.11E-10,1.15E-10,9.40E-10,0.49010365,0.142229492
ep-960549,CC(F)C(OC(F)F)C(F)(F)OC(F)F,-0.911924093,-1.289299624,-1.264431391,4.687160205,-9.73949713,2.647939388,-11.02741174,-2.039220817,-1.287914615,6.4429,7.1166,0.97620906,2.00148539,1.07E-10,1.09E-10,5.10E-10,0.497108875,0.316582416
ep-960556,CCC(F)(OC(F)(F)F)C(F)(F)OCF,-0.64338859,-1.28277953,-1.2656303,4.609879886,-9.827117773,3.901567664,-11.43150074,-0.708312221,-1.604382965,9.666,10.8888,0.69063789,1.36919088,1.20E-10,1.27E-10,9.39E-10,0.486805629,0.776345504
ep-960557,CCC(F)(OC(F)F)C(F)OC(F)(F)F,-0.488117734,-1.291513888,-1.276329196,4.471373962,-9.922629717,3.12359431,-11.24129319,-1.347779651,-1.318663475,4.5145,4.6979,0.46978587,1.10222808,1.13E-10,1.21E-10,9.79E-10,0.484712458,0.220911056
ep-960560,CCC(OC(F)F)C(F)(F)OC(F)(F)F,-0.763056076,-1.292824982,-1.27974039,4.897776286,-9.670380224,1.59186573,-12.04430102,-3.305910556,-2.373920791,3.4571,4.9263,0.44806029,0.80351945,1.28E-10,1.29E-10,1.71E-09,0.498241618,0.287940468
ep-960563,COC(F)(F)C(F)(OC)C(F)(F)C(F)(F)F,-0.585839242,-1.386317021,-1.371379705,4.40035226,-9.447519022,2.118678047,-10.18821279,-2.281674213,-0.740693764,14.6168,17.6442,1.47929682,2.40682867,1.04E-10,9.90E-11,4.01E-10,0.512883151,0.089218123
ep-960586,COCC(F)(OC(F)(F)F)C(F)C(F)(F)F,-0.683900892,-1.405853555,-1.388043954,4.782672149,-8.476889098,2.763859867,-9.941949797,-2.018812282,-1.465060699,24.6791,22.872,0.74256591,1.99920656,1.11E-10,9.99E-11,7.81E-10,0.527008495,0.220890612
ep-960587,COC(C(F)C(F)(F)F)C(F)(F)OC(F)F,-1.038236598,-1.411629417,-1.392112673,4.691241912,-8.751724036,3.20305154,-10.5493078,-1.488190372,-1.797583763,6.7652,7.1121,0.98692694,1.88164509,1.40E-10,1.46E-10,6.46E-10,0.488778945,1.271790178
ep-960603,COC(F)C(F)(CC(F)(F)F)OC(F)(F)F,-0.566829372,-1.428816991,-1.409249906,4.429468436,-9.190915709,2.825629699,-11.03802418,-1.603838737,-1.847108474,9.2389,9.0997,1.0876755,2.85408844,1.34E-10,1.36E-10,4.46E-10,0.496658105,0.228503862
ep-960606,FCOCC(F)(CC(F)(F)F)OC(F)(F)F,-0.401199144,-1.430874542,-1.409587203,4.752739631,-8.982476538,2.495011432,-9.436090243,-2.257728199,-0.453613705,8.1766,15.889,0.83546911,2.41318375,1.05E-10,1.05E-10,4.68E-10,0.500577944,0.196746766
ep-960611,FCOC(CC(F)(F)F)C(F)OC(F)(F)F,-1.045382307,-1.436240997,-1.42243852,4.885531165,-9.356633013,0.518921017,-11.41136432,-4.366610149,-2.054731304,2.5051,4.4259,0.77612722,1.22718251,1.42E-10,1.45E-10,8.80E-10,0.495229192,0.458221147
ep-960712,COC(F)(C(C)(F)F)C(F)(F)OC(F)(F)F,-0.578775168,-1.415138819,-1.400618951,4.363616897,-9.503030237,2.8571949,-11.19204059,-1.506421997,-1.689010357,10.9775,11.6869,0.66264855,1.29795505,1.35E-10,1.37E-10,8.73E-10,0.495980077,0.7021669
ep-960724,CC(F)(F)C(OC(F)F)C(F)OC(F)(F)F,-0.826518456,-1.435307771,-1.410804418,4.814509463,-9.93433061,2.365757377,-11.37680586,-2.448752086,-1.442475254,5.3578,1.2779,0.85723455,0.1665638,1.02E-10,1.01E-10,7.92E-10,0.502648224,0.249279067
ep-960735,CC(F)C(OC(F)(F)F)C(F)OC(F)(F)F,-0.656275899,-1.442455211,-1.420441946,4.81641426,-10.00181483,2.096092601,-10.83148981,-2.720321659,-0.829674976,7.5754,6.8494,0.86620779,1.22944078,1.06E-10,1.05E-10,8.41E-10,0.500245807,0.093198017
ep-960736,CCC(F)(OC(F)F)C(F)(F)OC(F)(F)F,-0.554464521,-1.4327217,-1.418731587,4.478993148,-10.0584145,2.037043907,-11.79694957,-2.441949241,-1.738535068,5.6993,7.3995,0.57490111,0.80043621,2.82E-10,2.83E-10,1.24E-09,0.499086711,0.147954997
ep-960737,CCC(F)(OC(F)(F)F)C(F)(F)OC(F)F,-0.466422101,-1.4360828,-1.421616983,4.750018493,-10.49678984,1.650642311,-11.60891894,-3.099376182,-1.112129101,5.6685,5.7722,0.54203297,1.00071452,1.57E-10,1.56E-10,1.43E-09,0.500443577,0.295171753
ep-960738,CCC(F)(OC(F)(F)F)C(F)OC(F)(F)F,-0.338743585,-1.437734036,-1.421792249,4.878456206,-10.29188814,3.420470466,-10.74278071,-1.45798574,-0.450892567,31.3863,38.3264,0.90348902,1.5649782,1.11E-10,1.12E-10,7.35E-10,0.496773277,0.039577503
ep-960739,CCC(OC(F)(F)F)C(F)(F)OC(F)(F)F,-0.516232532,-1.443935139,-1.431056611,4.847707347,-10.02820987,3.690951583,-11.64674275,-1.156755764,-1.618532882,7.28,8.0499,0.45889351,0.57913055,4.99E-10,4.99E-10,2.38E-09,0.500279693,0.683177971
ep-960748,COCC(F)(OC(F)(F)F)C(F)(F)C(F)(F)F,-0.79226205,-1.529062523,-1.514644573,4.747841582,-8.395527071,4.139123012,-10.08453743,-0.608718571,-1.689010357,13.0541,14.5238,0.66589641,1.19199886,2.26E-10,2.25E-10,1.17E-09,0.500671607,0.151192722
ep-960759,COC(F)(C(F)C(F)(F)F)C(F)(F)OC(F)F,-0.752342955,-1.538450325,-1.519724072,4.72906573,-9.455410322,2.50916135,-11.46197748,-2.21990438,-2.006567161,7.1129,7.0248,0.84156965,1.28720857,1.36E-10,1.36E-10,8.60E-10,0.499803735,0.463844353
ep-960765,COC(F)C(F)(OC(F)(F)F)C(F)C(F)(F)F,-0.568883831,-1.546533095,-1.52575263,4.509742007,-9.172956198,2.959509689,-10.8274081,-1.550232319,-1.654451904,17.667,20.5772,1.05769377,1.63297107,1.76E-10,1.80E-10,7.63E-10,0.493852094,0.192396959
ep-960781,COC(F)(F)C(F)(CC(F)(F)F)OC(F)(F)F,-0.346800875,-1.577340211,-1.559141611,4.593825172,-9.530241617,1.51023159,-10.19501563,-3.083593582,-0.664774013,16.4866,14.0149,1.23229821,2.91547842,1.09E-10,1.13E-10,4.23E-10,0.49029733,0.101057577
ep-960784,FCOC(F)C(F)(CC(F)(F)F)OC(F)(F)F,-0.593863878,-1.57753502,-1.558034355,4.779678897,-9.660856241,2.195958366,-10.96836305,-2.583720531,-1.307506809,6.1619,5.5345,1.57865232,2.30173792,1.09E-10,1.09E-10,3.99E-10,0.50025827,0.44367585
ep-960792,FC(F)(F)CC(COC(F)(F)F)OC(F)(F)F,-0.550012739,-1.602352417,-1.584339102,4.863217834,-9.911200937,2.25854454,-10.70060307,-2.604673294,-0.789402134,5.9633,6.9158,1.34773652,1.50259718,1.26E-10,1.31E-10,7.28E-10,0.490686839,0.101375998
ep-960795,COC(F)(F)C(F)(OC(F)F)C(F)(F)C(F)F,-0.512635188,-1.541328176,-1.519599765,4.382936977,-9.556636656,4.113272201,-11.00020037,-0.269664776,-1.443563709,15.596,14.9607,1.90537338,1.87514751,1.14E-10,1.12E-10,4.61E-10,0.503980435,0.109553199
ep-960803,COC(C(F)(F)OC(F)(F)F)C(F)(F)C(F)F,-0.724625444,-1.54486615,-1.521510499,4.905667586,-8.899209715,3.038694805,-10.5060417,-1.866972782,-1.606831989,12.2101,14.4543,1.23070506,1.3037827,1.14E-10,1.06E-10,6.91E-10,0.517612992,0.08125201
ep-960806,COC(F)(F)C(OC(F)(F)F)C(F)(F)C(F)F,-0.735218834,-1.556175323,-1.536827909,4.671921832,-9.425477804,2.711341903,-11.16346865,-1.960579929,-1.737990841,5.4425,6.012,0.89336929,1.71604976,1.02E-10,1.01E-10,5.87E-10,0.501502064,0.223943132
ep-960859,FCC(F)C(OC(F)(F)F)C(F)OC(F)(F)F,-0.983587984,-1.569686639,-1.545272713,4.714915813,-10.03038678,2.436506965,-11.37816643,-2.278408847,-1.347779651,5.4205,7.1966,1.04816756,1.84880379,1.38E-10,1.38E-10,4.94E-10,0.501058454,0.509918504
ep-960860,FCCC(F)(OC(F)F)C(F)(F)OC(F)(F)F,-0.906460048,-1.563325608,-1.54844086,4.319534461,-10.19202238,1.369548755,-11.26523921,-2.949985706,-1.073216827,3.0384,3.7478,0.97467204,1.19208574,1.32E-10,1.27E-10,7.42E-10,0.508397278,0.135056396
ep-960861,FCCC(F)(OC(F)(F)F)C(F)(F)OC(F)F,-0.325869881,-1.564179922,-1.548967153,4.524708266,-10.53760691,1.859625709,-11.67504259,-2.665082557,-1.137435684,3.1385,3.6262,1.24827847,1.76415321,1.02E-10,1.04E-10,6.19E-10,0.494613968,0.03627662
ep-960863,FCCC(OC(F)(F)F)C(F)(F)OC(F)(F)F,-0.921856247,-1.580769463,-1.563728708,4.746753127,-10.07691824,2.7290293,-11.48129756,-2.017723827,-1.404379322,5.6656,6.4355,0.67887562,1.75034484,1.25E-10,1.21E-10,6.56E-10,0.507125709,0.389843979
ep-960866,CC(F)(F)C(F)(OC(F)(F)F)C(F)(F)OCF,-0.563223864,-1.561443941,-1.543869348,4.464571117,-10.16345043,2.824813358,-11.45109293,-1.639757759,-1.287642502,8.3741,10.5054,1.25321553,1.46705298,1.82E-10,1.91E-10,8.37E-10,0.488146221,0.574236238
ep-960875,CC(F)C(F)(OC(F)(F)F)C(F)OC(F)(F)F,-0.500289385,-1.572772781,-1.551152845,4.732875323,-10.52617813,2.628619308,-10.90359997,-2.104256015,-0.377421841,12.2874,12.5548,0.644359,1.14473929,1.21E-10,1.18E-10,1.05E-09,0.505765852,0.314711251
ep-960876,CC(F)C(OC(F)(F)F)C(F)(F)OC(F)(F)F,-0.638093255,-1.58057181,-1.567231307,4.716004268,-10.37651554,2.154052841,-11.18714255,-2.561951427,-0.81062701,4.7603,6.6068,0.60348365,0.94528451,1.13E-10,1.11E-10,9.19E-10,0.503404012,0.50161343
ep-960877,CCC(F)(OC(F)(F)F)C(F)(F)OC(F)(F)F,-0.597444896,-1.565697327,-1.555931287,4.68607175,-10.65679275,2.075684066,-11.72810478,-2.610387683,-1.071312031,6.6532,10.1054,0.46210164,0.65835243,2.64E-10,2.61E-10,1.92E-09,0.503147418,0.570733768
ep-960878,COC(F)(C(F)(F)OC(F)F)C(F)(F)C(F)(F)F,-0.59358088,-1.673202732,-1.660381472,4.498857455,-9.812695742,3.316522994,-11.64701487,-1.182334461,-1.834319126,5.0295,5.1094,0.95953812,0.9453996,1.47E-10,1.45E-10,9.89E-10,0.50341889,0.285699546
ep-960891,COC(F)(F)C(OC(F)(F)F)C(F)(F)C(F)(F)F,-0.689876511,-1.698333802,-1.688120876,4.47055762,-9.561806818,0.687087345,-11.06741247,-3.783470275,-1.505605655,3.3244,5.4167,0.51307944,0.95210839,1.26E-10,1.18E-10,1.26E-09,0.516488416,0.228856728
ep-960895,FC(F)OC(COC(F)(F)F)C(F)(F)C(F)(F)F,-0.823748338,-1.71439198,-1.694581353,4.80280857,-9.905214434,3.039511146,-11.60891894,-1.763297424,-1.703704502,6.1738,1.1751,1.3119205,0.1915095,1.08E-10,1.08E-10,8.30E-10,0.499358547,0.140734997
ep-960897,COC(F)(C(F)C(F)(F)F)C(F)(F)OC(F)(F)F,-0.502093499,-1.688366645,-1.675785216,4.248512759,-9.642624617,0.9681809,-10.63992169,-3.280331859,-0.997297077,6.6599,6.04,0.68992562,1.24803651,1.01E-10,9.69E-11,1.18E-09,0.509136945,0.10028794
ep-960900,COC(F)(F)C(F)(OC(F)(F)F)C(F)C(F)(F)F,-0.343140944,-1.690086033,-1.674714324,4.368787059,-9.587657629,1.595675323,-10.30848709,-2.773111736,-0.720829456,12.1787,10.5523,1.33049628,1.29333875,1.13E-10,1.11E-10,8.61E-10,0.504875125,0.088382339
ep-960912,FCOC(F)(CC(F)(F)F)C(F)(F)OC(F)(F)F,-0.551825017,-1.718799852,-1.701862871,4.587838668,-9.926167196,2.186978611,-11.23231344,-2.400860057,-1.30614624,7.7148,8.7002,1.41005348,1.80031954,1.63E-10,1.61E-10,6.82E-10,0.503875706,0.146131248
ep-960915,FC(F)OC(F)(CC(F)(F)F)C(F)OC(F)(F)F,-0.566815767,-1.733545204,-1.71560672,4.354909255,-10.20290693,2.035955452,-11.3874183,-2.318953804,-1.184511371,5.4519,6.24,1.38350386,2.15761259,1.07E-10,1.13E-10,4.59E-10,0.484495099,0.267583742
ep-960917,FC(F)(F)CC(F)(COC(F)(F)F)OC(F)(F)F,-1.297854933,-1.728904798,-1.722238752,4.611784682,-10.1629062,1.095530159,-13.95045818,-3.516254524,-3.787551982,1.4712,1.9861,0.75020645,1.14320166,2.33E-10,2.28E-10,1.07E-09,0.505298929,0.513160933
ep-960928,FC(F)OC(F)(COC(F)(F)F)C(F)(F)C(F)F,-0.704393783,-1.699268637,-1.684109795,4.283887553,-10.22277124,2.530386226,-12.13164955,-1.753501327,-1.908878307,3.8772,5.4321,1.07631163,2.17061869,1.01E-10,9.79E-11,4.75E-10,0.508319484,0.589533593
ep-960964,CC(F)(F)C(F)(OC(F)(F)F)C(F)(F)OC(F)F,-0.526619116,-1.709599313,-1.695499984,4.330146899,-10.57706341,2.150515361,-12.06089996,-2.179631538,-1.483836551,5.4547,5.144,0.91614666,0.98852266,2.14E-10,2.08E-10,1.25E-09,0.506552225,0.198935083
ep-960965,CC(F)(F)C(F)(OC(F)(F)F)C(F)OC(F)(F)F,-0.491339562,-1.719404316,-1.705427685,4.564436881,-10.58985275,2.716512065,-11.95994574,-1.847924816,-1.370092983,7.8065,9.5293,0.71410651,1.02938623,2.41E-10,2.41E-10,1.02E-09,0.499974096,0.707451705
ep-960966,CC(F)(F)C(OC(F)(F)F)C(F)(F)OC(F)(F)F,-0.479676764,-1.73041874,-1.717097657,4.611512569,-10.47556496,1.987247081,-11.38877887,-2.624265487,-0.913213913,6.096,8.0493,0.62564146,1.2423623,1.01E-10,9.12E-11,8.95E-10,0.525010366,0.081889394
ep-960967,CC(F)C(F)(OC(F)(F)F)C(F)(F)OC(F)(F)F,-0.535509074,-1.709078834,-1.697915118,4.525252494,-10.77325746,2.646034591,-11.61735446,-1.879217903,-0.844097008,7.5017,8.0242,0.77441174,1.09012834,2.39E-10,2.37E-10,1.44E-09,0.502005765,0.61833684
ep-960968,COC(F)(C(F)(F)OC(F)(F)F)C(F)(F)C(F)(F)F,-0.398409978,-1.822659179,-1.814688471,4.187559268,-9.836641756,0.865593998,-10.95720638,-3.32196527,-1.120564628,5.5895,5.5117,0.77490892,1.19527801,2.83E-10,2.78E-10,1.20E-09,0.504533034,0.081833742
ep-960969,FCOC(F)(C(F)(F)OC(F)F)C(F)(F)C(F)(F)F,-0.673340156,-1.817897559,-1.8020238,4.271098205,-10.25977872,2.249836898,-11.18877523,-2.021261306,-0.928996513,6.1791,6.4201,1.29963973,1.44213298,1.43E-10,1.40E-10,7.13E-10,0.504941873,0.856130185
ep-960971,COC(F)(F)C(F)(OC(F)(F)F)C(F)(F)C(F)(F)F,-0.39910931,-1.820823524,-1.812182922,4.575593547,-9.769973875,1.238934131,-10.76835941,-3.336659416,-0.998385532,6.1517,6.8854,0.7168025,0.91169533,1.39E-10,1.35E-10,9.32E-10,0.508305262,0.085254103
ep-960972,FCOC(F)(C(F)OC(F)(F)F)C(F)(F)C(F)(F)F,-0.741741402,-1.829561964,-1.816745899,4.231913818,-10.13106889,2.012553665,-11.46687553,-2.219360153,-1.335806644,4.7799,5.2702,1.00967084,1.74271679,1.36E-10,1.35E-10,6.84E-10,0.501246148,0.192226176
ep-960973,FC(F)OC(F)C(F)(OC(F)F)C(F)(F)C(F)(F)F,-0.656839175,-1.830353568,-1.813343982,4.391100391,-10.15066108,1.975546188,-11.91504696,-2.415554203,-1.764385879,5.0934,5.5714,0.97358703,1.71227652,1.07E-10,1.08E-10,5.75E-10,0.497238909,0.69131423
ep-960979,FCOC(F)(F)C(OC(F)(F)F)C(F)(F)C(F)(F)F,-0.513503231,-1.846177109,-1.831218148,4.425658843,-10.07065962,2.069697563,-11.21816352,-2.35596128,-1.147503895,5.1721,5.8721,0.97584417,1.78019401,1.27E-10,1.31E-10,8.18E-10,0.492844391,0.04473251
ep-960987,FC(F)OC(F)C(F)(OC(F)(F)F)C(F)C(F)(F)F,-0.638485099,-1.84423434,-1.829489236,4.311915275,-10.29869099,1.800304901,-12.2135558,-2.511610374,-1.914864811,4.2543,5.3001,0.82558716,1.49819258,1.11E-10,1.11E-10,7.89E-10,0.500063199,0.147118353
ep-960990,FC(F)OC(F)(F)C(OC(F)(F)F)C(F)C(F)(F)F,-0.459548507,-1.86298966,-1.842013026,4.652873866,-10.41706049,3.023184318,-10.8116255,-1.629689548,-0.39456501,14.6612,16.3287,1.22821124,2.00295833,1.08E-10,9.94E-11,5.60E-10,0.519694935,0.778552539
ep-960991,FC(OC(F)(F)F)C(OC(F)(F)F)C(F)C(F)(F)F,-0.752955211,-1.861237618,-1.847062839,4.641445087,-10.38848854,1.631050117,-11.96974183,-3.010394969,-1.581253292,3.7822,5.9023,0.80565269,0.93044378,2.80E-10,2.66E-10,9.18E-10,0.513067446,0.261696113
ep-960992,FC(F)OC(F)(CC(F)(F)F)C(F)(F)OC(F)(F)F,-0.567324619,-1.868596318,-1.853695737,4.180212196,-10.33188887,2.134460647,-11.92212192,-2.045751548,-1.590233047,5.4764,4.0608,1.06845427,1.50233708,1.92E-10,1.90E-10,7.75E-10,0.502240281,0.43647761
ep-960993,FC(F)OC(F)(F)C(F)(CC(F)(F)F)OC(F)(F)F,-0.615404407,-1.864754566,-1.850555791,4.437359737,-10.64481974,1.68492865,-11.53055016,-2.752431087,-0.885730419,4.0054,4.658,1.03449618,1.24861528,1.70E-10,1.76E-10,1.02E-09,0.491336999,0.138993458
ep-960997,FC(F)OC(F)(F)C(F)(OC(F)F)C(F)(F)C(F)F,-0.463872395,-1.831454021,-1.812042659,4.238172435,-10.66604462,2.711069789,-11.10033824,-1.527102646,-0.434293625,7.8783,9.2018,1.17388872,2.01334602,1.05E-10,9.84E-11,5.39E-10,0.515260464,0.268267721
ep-960999,FC(F)OC(F)(C(F)OC(F)(F)F)C(F)(F)C(F)F,-0.379479021,-1.83117362,-1.814493291,4.472734531,-10.46876211,3.431082904,-11.56211536,-1.041651626,-1.093353248,6.8253,6.4553,1.27752898,2.15357381,1.63E-10,1.65E-10,4.19E-10,0.497174452,0.199918421
ep-961006,FC(F)OC(F)(F)C(F)(OC(F)(F)F)C(F)C(F)F,-0.320000387,-1.842220822,-1.818353102,4.486068107,-10.61325454,2.668347923,-11.26006904,-1.817720184,-0.646814503,20.461,22.3432,1.424269,1.86720052,1.18E-10,1.22E-10,4.66E-10,0.492625933,0.204189502
ep-961015,CC(F)(F)C(F)(OC(F)(F)F)C(F)(F)OC(F)(F)F,-0.582584761,-1.848655942,-1.84137529,4.494231521,-10.94523338,1.129816498,-12.27314872,-3.364415023,-1.327915344,3.2483,9.9977,0.55145455,0.71757796,1.26E-10,1.29E-10,1.66E-09,0.494531321,0.128853455
ep-961017,FC(F)OC(F)(F)C(F)(OC(F)F)C(F)(F)C(F)(F)F,-0.523244905,-1.97413904,-1.960730137,4.162796912,-10.68454836,2.047384231,-11.74742486,-2.115412681,-1.062876503,5.6267,6.1368,0.83603606,1.29501606,2.39E-10,2.43E-10,8.48E-10,0.49579336,0.298472325
ep-961018,FCOC(F)(F)C(F)(OC(F)(F)F)C(F)(F)C(F)(F)F,-0.618911954,-1.955605987,-1.946637735,4.361984214,-10.3166505,1.331724937,-11.89082883,-3.030259277,-1.574178333,3.8514,5.3822,0.72296598,0.81777058,1.53E-10,1.55E-10,1.30E-09,0.496474898,0.172828093
ep-961022,FC(F)OC(C(F)(F)OC(F)(F)F)C(F)(F)C(F)(F)F,-0.745009488,-1.984198345,-1.975981992,4.518721763,-10.31284091,1.501796062,-12.44675733,-3.016925701,-2.13391642,2.636,3.445,0.63368559,0.66488804,1.37E-10,1.38E-10,1.74E-09,0.49844604,0.115157104
ep-961026,FC(F)OC(F)(F)C(F)(OC(F)(F)F)C(F)C(F)(F)F,-0.460008379,-1.982083897,-1.969446808,4.358718848,-10.69434445,1.58397443,-12.00375606,-2.774744419,-1.309411606,4.5608,5.6567,0.62069128,1.20704168,2.05E-10,2.00E-10,1.04E-09,0.506166363,0.208614062
ep-961028,FC(C(OC(F)(F)F)C(F)(F)OC(F)(F)F)C(F)(F)F,-1.367486133,-1.997127337,-1.993567223,4.109190494,-10.68999063,0.005442276,-14.55645562,-4.103748218,-3.866464984,1.3201,1.6777,0.45632269,0.53346074,1.91E-10,1.95E-10,1.65E-09,0.494908406,0.187234885
ep-961029,FC(F)(F)CC(F)(OC(F)(F)F)C(F)(F)OC(F)(F)F,-0.523982333,-2.011278244,-2.001655929,4.475455669,-10.83393883,1.11784349,-11.99123882,-3.357612178,-1.157299991,3.677,5.7729,0.58178579,0.68029367,2.66E-10,2.59E-10,1.59E-09,0.507177401,0.092128067
ep-961031,FC(F)OC(F)(F)C(F)(OC(F)(F)F)C(F)(F)C(F)F,-0.342885157,-1.969437037,-1.956211811,4.092047324,-10.87040208,2.244666736,-12.48322058,-1.847380588,-1.612818493,5.0491,6.6558,0.79830795,1.3100031,1.23E-10,1.26E-10,8.07E-10,0.494755433,0.127163908
ep-961033,FC(F)C(F)(F)C(OC(F)(F)F)C(F)(F)OC(F)(F)F,-0.411724506,-1.991843506,-1.980504771,4.603893382,-10.81080916,2.088745529,-11.53544821,-2.515147853,-0.724639049,4.2732,4.6261,0.82011271,1.00113839,1.80E-10,1.75E-10,1.11E-09,0.507379925,0.078026695
ep-961052,COC(C)C(C)OC(F)F,-1.515167734,-0.533121246,-0.524434137,5.21315618,-8.027901328,3.252848365,-11.56891821,-1.960307815,-3.541016879,1.3677,1.3776,0.14019135,0.13018036,1.13E-10,1.07E-10,1.17E-09,0.514696791,0.0964949
ep-961054,COC(C)C(OC)C(F)(F)F,-1.873321197,-0.660649403,-0.653711119,5.419690555,-8.188992697,0.152383728,-11.29353904,-5.267306827,-3.104546344,1.3288,1.3244,0.12864823,0.16332298,1.80E-10,1.89E-10,1.20E-09,0.487586686,0.453669606
ep-961107,COC(CF)C(C)OC(F)(F)F,-1.999084032,-0.825052442,-0.81733344,4.84580255,-8.368315691,1.237301449,-12.6059439,-3.608501102,-4.237628207,1.3309,1.335,0.14141298,0.12738905,1.24E-10,1.18E-10,8.65E-10,0.512051769,0.460358671
ep-961273,COC(F)(C(C)OC(F)(F)F)C(F)(F)F,-0.736641989,-1.276791666,-1.263925136,4.585933871,-9.587929743,1.249002342,-10.50821861,-3.336931529,-0.920288872,5.6208,1.1925,0.86031467,0.14768713,1.43E-10,1.43E-10,1.66E-09,0.500023448,0.391202654
ep-961295,CC(OC(F)F)C(OC(F)F)C(F)(F)F,-1.850466359,-1.276574098,-1.269980657,4.694507278,-9.495138937,0.167077873,-13.75644105,-4.527429404,-4.261302108,1.2754,1.2933,0.19812016,0.19469772,1.12E-10,1.11E-10,6.36E-10,0.502069579,0.654267521
ep-961342,CC(OC(F)(F)F)C(CF)OC(F)(F)F,-1.527222376,-1.287134959,-1.280025862,4.597090537,-10.01269938,0.848178715,-14.01331647,-3.748911823,-4.000617088,1.3105,1.3151,0.17029461,0.18839607,1.75E-10,1.74E-10,8.69E-10,0.50047708,0.462503417
ep-961489,COC(F)(C(F)(F)F)C(F)(OC(F)(F)F)C(F)F,-1.464467491,-1.663712021,-1.660948582,4.276268367,-9.805620783,1.093353248,-13.69494333,-3.182915119,-3.889322543,1.1998,1.2137,0.19694543,0.21392094,1.44E-10,1.41E-10,9.42E-10,0.505721019,0.115348558
ep-961523,CC(F)(OC(F)(F)F)C(F)(OC(F)(F)F)C(F)F,-1.586643866,-1.695346364,-1.69243017,4.267288612,-10.5710769,0.466403053,-15.03945761,-3.800885558,-4.46838071,1.1308,1.1801,0.22482721,0.20043521,1.11E-10,1.11E-10,1.15E-09,0.500647008,0.569407227
ep-961552,FCOC(F)(C(F)(F)F)C(F)(OC(F)(F)F)C(F)(F)F,-0.66397672,-1.958388969,-1.95013316,4.307561454,-10.28753432,1.797583763,-11.62116406,-2.509977691,-1.333629734,4.2372,1.2218,0.78474576,0.20241888,1.79E-10,1.73E-10,8.67E-10,0.507917189,0.085000818
ep-961572,COC(C)(C)C(F)(F)OC,-1.71577547,-0.528825683,-0.522000326,5.521461116,-8.24504814,0.160002914,-10.97843126,-5.361458201,-2.733383121,1.2815,1.3107,0.14838745,0.16521822,1.42E-10,1.32E-10,1.41E-09,0.517924789,0.088137568
ep-961575,COC(C)(C)COC(F)F,-2.171299413,-0.532719878,-0.524256645,5.321185359,-8.287770007,2.613653049,-12.34226563,-2.70753231,-4.05449562,1.3276,1.3343,0.14529721,0.15127218,1.43E-10,1.44E-10,1.05E-09,0.499474012,1.557592923
ep-961636,COC(F)C(C)(C)OC(F)(F)F,-1.957986684,-0.841635429,-0.835453374,4.731786868,-8.92750955,0.537968983,-13.7792986,-4.193817886,-4.851789054,1.1715,1.1911,0.19812031,0.16938444,1.40E-10,1.44E-10,9.79E-10,0.493641742,0.182354469
ep-961687,COC(C)(C)C(F)(F)OC(F)(F)F,-1.855315427,-0.979802864,-0.974324594,4.913286773,-8.440425848,1.314309654,-13.1501715,-3.598977119,-4.70974565,1.2282,1.2284,0.18464723,0.13390957,1.96E-10,1.84E-10,1.01E-09,0.515965502,1.118593294
ep-961783,COC(C)(C(F)(F)F)C(F)(F)OC(F)F,-0.95966646,-1.270798607,-1.256275151,4.580763709,-8.859208987,1.835951809,-11.06958938,-2.744811901,-2.210380397,4.0016,4.5199,0.95643681,1.69447781,1.71E-10,1.69E-10,7.97E-10,0.503302762,0.092202529
ep-961905,CC(CF)(OC(F)(F)F)C(F)(F)OC(F)F,-1.461542268,-1.419574398,-1.413440706,4.229464793,-10.15038897,0.216602585,-13.02690395,-4.012862209,-2.87651498,1.3308,1.3206,0.18319493,0.20734491,1.05E-10,1.01E-10,5.38E-10,0.509672918,0.209125308
ep-961913,COC(COC(F)(F)F)(C(F)(F)F)C(F)(F)F,-0.847367815,-1.554114927,-1.542665492,4.94675677,-9.146833273,4.023746761,-11.12945442,-0.92301001,-1.982621147,5.8729,6.5537,1.03931518,1.70362617,1.22E-10,1.20E-10,8.27E-10,0.504558103,0.649654264
ep-962033,FC(F)OC(F)(F)C(OC(F)(F)F)(C(F)F)C(F)(F)F,-0.377185102,-1.978242887,-1.96436162,4.293139423,-10.5650904,2.908624408,-11.55177504,-1.384515014,-0.986684639,10.9959,12.6771,1.2034709,2.1088329,1.58E-10,1.61E-10,5.89E-10,0.49625139,0.165666237
ep-962166,COCCOC(F)(F)C(C)(F)F,-2.498625103,-0.817558799,-0.809315607,4.824033446,-8.06817417,0.418511024,-12.65710129,-4.405522422,-4.588927123,1.308,1.3094,0.14078004,0.17548794,1.24E-10,1.25E-10,6.91E-10,0.498259205,1.907065221
ep-962307,FCCCOC(F)COC(F)(F)F,-1.838030758,-0.974414392,-0.963555938,4.932606853,-8.950639223,1.902347576,-13.07234695,-3.030259277,-4.121707729,1.3556,1.3537,0.13354315,0.16094412,1.00E-10,9.95E-11,3.50E-10,0.502430581,0.164767756
ep-962365,CCCOC(F)(F)C(F)(F)OCF,-1.398384655,-0.973657915,-0.96511614,4.542667777,-9.398810652,0.367625744,-12.52403764,-4.175042033,-3.125226993,1.3231,1.3696,0.1950611,0.16427571,1.07E-10,1.09E-10,1.28E-09,0.494617763,0.144410242
ep-962402,COCCOC(F)(F)C(F)(F)C(F)F,-2.262745977,-1.083913154,-1.07668779,5.011791968,-8.241782774,0.309937618,-12.66853007,-4.70185435,-4.426747298,1.3158,1.3142,0.12434574,0.17515692,2.15E-10,2.14E-10,7.45E-10,0.500268562,1.627721263
ep-963343,COC(F)(F)COC(C)C,-2.168368748,-0.533996092,-0.524761292,5.105399116,-8.343825449,2.42181282,-12.56621528,-2.683586296,-4.222389835,1.2683,1.2669,0.10039228,0.14404118,1.85E-10,1.82E-10,1.50E-09,0.50456046,0.525049262
ep-963584,CC(OC(F)C(F)(F)OCF)C(F)F,-2.283777653,-1.112141868,-1.102859696,5.054785949,-9.264114321,0.025578697,-13.35616165,-5.029207252,-4.092047324,1.3115,1.3125,0.12399198,0.15311171,1.03E-10,1.06E-10,5.22E-10,0.492610903,2.122149037
ep-964171,COCCOCC(F)(F)CC(F)F,-1.813875216,-0.692257177,-0.681547322,4.984852702,-8.143549693,0.166533646,-10.36154928,-4.818319057,-2.217999584,1.3904,1.4037,0.13773811,0.13198668,1.36E-10,1.45E-10,4.78E-10,0.483133433,1.113430931
ep-964307,CCC(F)COCC(F)(F)OCF,-2.383289669,-0.712055633,-0.701144523,5.186216914,-8.566414538,0.454974274,-12.91343249,-4.731242641,-4.347017955,1.3613,1.3546,0.12786769,0.15111065,1.05E-10,1.08E-10,4.04E-10,0.493266347,2.394635368
ep-964330,CCCCOCC(F)(F)OC(F)F,-2.085967247,-0.717460249,-0.708276081,4.705663943,-8.48205926,1.980444236,-12.91696997,-2.725219707,-4.434910712,1.2745,1.3026,0.14067466,0.16320404,1.06E-10,1.06E-10,1.35E-09,0.500835293,1.140747553
ep-964784,FC(F)CCCOCC(F)(F)OC(F)F,-2.399458671,-0.976495141,-0.96675042,5.160366103,-8.947645972,0.47402224,-12.47995521,-4.686343864,-3.532309238,1.406,1.4015,0.16208322,0.1661969,1.36E-10,1.34E-10,5.58E-10,0.503657546,1.316626956
ep-964974,CC(F)(F)CCOCC(F)(F)OC(F)F,-2.357550425,-0.985364092,-0.97607946,4.751106948,-8.565053969,0.123539665,-12.77683137,-4.627567283,-4.211777396,1.3302,1.3397,0.16211344,0.16421228,1.36E-10,1.34E-10,4.08E-10,0.504149449,2.531289597
ep-964976,COCC(F)OC(F)(F)C(F)(F)C(C)F,-2.305271922,-0.950959656,-0.942314274,4.488789245,-8.287770007,0.724639049,-12.56539894,-3.764150195,-4.277628936,1.3388,1.3331,0.17538056,0.15796396,1.00E-10,9.68E-11,4.81E-10,0.508690645,1.377596209
ep-965082,CCCC(F)(F)OC(F)(F)C(F)OCF,-1.805989358,-0.980269251,-0.972653003,4.349194865,-9.686707052,0.005986504,-14.1716867,-4.343208362,-4.484979652,1.2059,1.2224,0.12292544,0.20072294,1.06E-10,1.07E-10,7.47E-10,0.498245501,2.47155956
ep-965502,FCCCCOC(F)(F)C(F)(F)OC(F)F,-2.017424502,-1.10305335,-1.094295096,4.717092723,-9.612964213,0.393476555,-12.96595046,-4.323616168,-3.352986244,1.3508,1.341,0.17324594,0.10993846,1.12E-10,1.11E-10,4.13E-10,0.502175977,0.816246863
ep-965668,CCCC(F)(F)OC(F)(F)COC(F)(F)F,-1.521257641,-1.128647939,-1.121559048,4.887708076,-10.18113783,0.937432041,-14.48080798,-3.950276035,-4.299670154,1.1504,1.1656,0.17206305,0.16802283,1.49E-10,1.49E-10,7.58E-10,0.499953588,0.210602329
ep-965674,CCCC(F)OC(F)C(F)(F)OC(F)(F)F,-1.62763781,-1.111419326,-1.104893384,4.785393287,-9.74385095,0.758925388,-14.40543246,-4.026467899,-4.661581508,1.0968,1.1329,0.17569357,0.17821018,1.54E-10,1.55E-10,1.05E-09,0.498344837,0.43597608
ep-965684,COCC(F)(F)OCC(F)C(F)(F)C(F)(F)F,-2.427206116,-1.203685645,-1.198095883,4.87301393,-8.85730419,0.10313113,-12.98390997,-4.7698828,-4.126605777,1.2271,1.2385,0.15306893,0.15208621,1.16E-10,1.10E-10,3.31E-10,0.513382899,1.917609997
ep-966162,COC(F)(F)COC(F)(F)C(F)(F)C(C)(F)F,-1.733786682,-1.22214062,-1.215620012,4.545388915,-9.334863909,0.968453014,-13.751543,-3.576935901,-4.416679088,1.2697,1.2847,0.16050984,0.18184355,1.23E-10,1.24E-10,5.24E-10,0.498426629,0.236079988
ep-966645,COC(F)(F)COC(F)(F)C(F)(F)C(F)(F)CF,-1.915425365,-1.334558708,-1.327814204,4.575321433,-9.368878134,0.19047966,-13.25030938,-4.384841773,-3.881431243,1.3254,1.3224,0.25538143,0.18763526,1.05E-10,1.09E-10,3.58E-10,0.491524488,1.124474944
ep-966781,FCCCC(F)(F)OC(F)C(F)(F)OC(F)(F)F,-1.508615234,-1.368910027,-1.36233935,4.65532289,-10.21760108,1.112673328,-13.14364077,-3.542649562,-2.926039691,1.2065,1.3229,0.23154292,0.19975423,1.48E-10,1.50E-10,6.51E-10,0.496380658,0.421213823
ep-967280,FCCC(F)C(F)(F)OC(F)(F)C(F)(F)OC(F)F,-1.032742621,-1.474560971,-1.468111874,4.483346969,-10.63856112,0.124900234,-12.92241225,-4.358446735,-2.283851123,1.2619,1.2764,0.18050447,0.17301856,1.03E-10,9.62E-11,6.83E-10,0.516952404,0.327281957
ep-967577,FCC(F)(F)C(F)(F)C(F)(F)OC(F)COC(F)(F)F,-1.776799711,-1.591387737,-1.585014288,4.343752589,-10.05895873,0.058776581,-14.00324826,-4.284976009,-3.944289531,1.2954,1.3016,0.21636748,0.20035286,1.16E-10,1.19E-10,4.21E-10,0.492961919,1.114489974
ep-973583,CC(C)(C)OCCOC(F)(F)F,-1.076335251,-0.60933862,-0.591345803,4.998730506,-7.764495169,4.537497615,-9.266563345,-0.461232891,-1.502068176,17.3468,14.5764,1.15457862,1.876594,1.16E-10,1.16E-10,5.68E-10,0.500361318,0.800223024
ep-973683,CC(C)(C)OCC(F)(F)OC(F)(F)F,-0.93140472,-0.859587176,-0.84443403,4.892606124,-8.193618632,3.050939926,-9.55337129,-1.841666198,-1.359752659,23.2473,17.2212,1.08995814,2.01825434,1.21E-10,1.26E-10,7.62E-10,0.48914395,0.825334878
ep-974239,FC(F)C(OCC(F)(F)OC(F)(F)F)(C(F)(F)F)C(F)(F)F,-0.543422143,-1.860629619,-1.845422376,4.652057525,-9.991746622,2.303987545,-11.56646918,-2.34806998,-1.574722561,8.4689,8.358,1.29392911,2.43385833,1.48E-10,1.48E-10,4.22E-10,0.50044748,0.416629808
ep-974260,FC(F)OC(F)(F)C(F)(F)OC(C(F)(F)F)(C(F)(F)F)C(F)(F)F,-0.702603274,-2.097427154,-2.092440723,4.496680545,-10.7169299,1.124102108,-13.25411897,-3.372578437,-2.537189071,2.5075,3.6617,1.03799094,1.59365401,1.14E-10,1.15E-10,7.53E-10,0.499520878,0.214516188
ep-974345,CCOCC(F)(F)OC(C)(F)F,-1.085151738,-0.851714524,-0.831548541,5.145944072,-8.28015082,2.018268055,-10.40889708,-3.127676017,-2.128746257,4.7601,5.8073,0.84922454,1.99638678,1.07E-10,1.09E-10,6.26E-10,0.495448162,0.19993897
ep-974355,CCOC(F)(F)C(F)(F)OCC,-0.805848692,-0.852527773,-0.832852585,4.899681083,-9.264930662,4.229736907,-10.86387135,-0.669944176,-1.598940689,8.2775,13.8533,1.08093274,2.11773653,1.21E-10,1.17E-10,5.40E-10,0.507119484,0.416877561
ep-974436,CC(F)OCCOC(F)(F)C(F)(F)F,-0.873964218,-1.137565337,-1.116193148,4.603077041,-8.710090624,4.137762443,-10.32726294,-0.465314598,-1.617172313,9.9252,10.5545,1.06416477,2.35442756,1.24E-10,1.18E-10,4.30E-10,0.510679947,0.287055632
ep-974509,CCOC(F)(F)C(F)OC(F)(F)CF,-0.830766153,-1.135495293,-1.108080199,4.836006454,-9.296223749,3.296658687,-10.85734062,-1.539347767,-1.561116871,8.889,10.9997,1.11836212,2.54345485,1.17E-10,1.21E-10,4.97E-10,0.490222735,0.828294504
ep-974539,CCOCC(F)(F)OC(F)(F)C(F)(F)F,-0.902196025,-1.257932942,-1.242508666,4.775869304,-8.351988863,3.940479938,-10.2377375,-0.835389366,-1.885748634,6.8023,10.5388,0.72547472,1.38599843,1.82E-10,1.90E-10,1.02E-09,0.489996821,0.820800874
ep-974652,CCOC(F)(F)C(F)OC(F)(F)C(F)(F)F,-0.633690454,-1.419946947,-1.403513994,4.633553786,-9.317176512,4.193273658,-10.85598005,-0.440280128,-1.538803539,8.5114,7.2859,0.74769945,1.15483805,1.21E-10,1.22E-10,9.81E-10,0.496797908,0.342160367
ep-974666,CCOC(F)(F)C(F)(F)OC(F)C(F)(F)F,-0.446936032,-1.415779895,-1.397687419,4.646887363,-9.540854056,2.595149311,-10.16426677,-2.051738052,-0.623412716,11.6236,14.0081,0.65232797,1.21305883,1.12E-10,1.09E-10,1.42E-09,0.507970418,0.225417752
ep-974745,CC(F)(F)OC(F)C(F)(F)OC(F)(F)CF,-0.563057875,-1.440687213,-1.415598321,4.919001163,-9.998821581,2.684130523,-10.614343,-2.234870639,-0.615521416,11.3965,13.1777,1.4095965,1.99611888,1.09E-10,1.09E-10,4.09E-10,0.500694576,0.923951355
ep-974754,CCOC(F)(F)C(F)(F)OC(F)(F)C(F)(F)F,-0.499141064,-1.554637633,-1.543433842,4.708385081,-9.542758852,2.059629352,-11.27802855,-2.648755729,-1.735269703,6.1067,6.6617,0.65822625,0.92568551,3.14E-10,3.14E-10,1.99E-09,0.499485169,0.336728303
ep-974755,CC(F)OC(F)C(F)(F)OC(F)(F)C(F)(F)F,-0.729741183,-1.565380315,-1.550918209,4.72335134,-9.610243075,1.309139492,-11.18523775,-3.414211849,-1.574994674,4.1077,5.3804,1.2090638,1.45350927,1.01E-10,9.80E-11,6.71E-10,0.508723616,0.445108702
ep-974832,CC(F)OC(F)(F)C(F)(F)OC(F)(F)C(F)(F)F,-0.631714908,-1.700725559,-1.688976427,4.554096557,-10.03936654,1.990784561,-11.53844146,-2.563311996,-1.499074924,5.1057,5.8126,0.85496302,1.08832583,2.09E-10,2.09E-10,1.09E-09,0.499151414,1.165314746
ep-974840,CC(F)(F)OC(F)(F)C(F)OC(F)(F)C(F)(F)F,-0.440310061,-1.723247676,-1.705854904,4.63736338,-10.28372473,2.278136734,-11.08129028,-2.359226646,-0.797565548,8.4775,9.109,0.73743945,1.65681331,2.01E-10,1.90E-10,8.31E-10,0.514065833,0.730892066
ep-974845,FC(OCC(F)(F)F)C(F)OC(F)(F)C(F)(F)F,-0.812235203,-1.709061765,-1.687026608,4.666479556,-9.526432024,2.92304644,-11.38170391,-1.743433117,-1.855271888,5.9091,7.198,1.07798604,1.94626559,1.07E-10,1.04E-10,5.08E-10,0.507542997,0.902996352
ep-974850,FC(F)(F)COC(F)(F)COC(F)(F)C(F)(F)F,-0.616430276,-1.711938379,-1.692382673,4.532599567,-10.02467239,2.169563327,-11.20891165,-2.363036239,-1.184239258,4.726,5.4295,1.04746018,2.32875553,1.24E-10,1.31E-10,6.34E-10,0.487222324,0.358307144
ep-974853,FC(F)(F)C(F)(F)OCCOC(F)(F)C(F)(F)F,-0.527127969,-1.705384889,-1.687731259,4.668384353,-9.767524851,1.957314563,-10.69733771,-2.711069789,-0.929812855,11.04,10.7217,0.79210724,1.14747701,3.04E-10,3.04E-10,8.92E-10,0.499456237,0.4643181
ep-974864,FC(OC(F)C(F)(F)OCC(F)(F)F)C(F)(F)F,-0.666267918,-1.718924282,-1.694749321,4.782400035,-9.995011988,2.349158435,-11.09489597,-2.4332416,-1.09988398,6.7165,7.9299,1.5353052,2.48583013,1.06E-10,9.49E-11,4.57E-10,0.528307026,1.034008118
ep-974887,FC(F)COC(F)(F)C(F)(F)OC(F)(F)C(F)(F)F,-0.611417939,-1.83931341,-1.821876357,4.641445087,-9.947664187,2.572835979,-11.67558682,-2.068609108,-1.72792263,6.3779,7.0122,0.8728103,1.06568151,1.21E-10,1.22E-10,9.27E-10,0.497457383,0.297006711
ep-974888,FCC(F)(F)OC(F)C(F)(F)OC(F)(F)C(F)(F)F,-0.66129912,-1.844005146,-1.828816867,4.649336387,-10.33869172,2.320586486,-11.90606721,-2.3287499,-1.567375488,4.6723,5.1097,1.49719785,1.98925614,1.26E-10,1.31E-10,5.58E-10,0.48975448,0.408409913
ep-974895,FC(OC(F)(F)C(F)(F)F)C(F)(F)OCC(F)(F)F,-0.505255462,-1.850587455,-1.835342651,4.544844688,-10.0464415,2.407662902,-11.29598807,-2.137181785,-1.24954657,5.2332,5.1118,0.80870292,1.15715901,1.61E-10,1.61E-10,1.05E-09,0.4999224,0.121566981
ep-974913,FC(F)(F)COC(F)(F)C(F)(F)OC(F)(F)C(F)(F)F,-0.521740116,-1.990162584,-1.978540851,4.60090013,-10.22168278,2.404125423,-12.10851987,-2.196774707,-1.886837089,5.0939,6.7106,0.44359047,0.8119585,2.02E-10,2.07E-10,1.24E-09,0.493279561,0.209891465
ep-974917,FC(F)C(F)(F)OC(F)(F)C(F)OC(F)(F)C(F)(F)F,-0.315630239,-1.98315553,-1.967616843,4.605253951,-10.70196364,2.558958175,-11.56919032,-2.046295776,-0.867226681,11.9628,12.6991,0.72122966,1.22427475,1.14E-10,1.09E-10,1.01E-09,0.511737894,0.35486311
ep-974920,FC(OC(F)(F)C(F)(F)OC(F)(F)C(F)F)C(F)(F)F,-0.268402168,-1.983928581,-1.96559949,4.623485576,-10.69026275,3.17012577,-12.06334898,-1.453359806,-1.373086235,11.7409,11.694,0.91921714,1.39190714,1.52E-10,1.64E-10,1.05E-09,0.481394286,0.451526941
ep-974921,FC(OC(F)(F)C(F)(F)OC(F)C(F)(F)F)C(F)(F)F,-0.474446737,-1.98407812,-1.972866537,4.148374881,-10.77597859,1.745882141,-11.783616,-2.40249274,-1.007637401,3.2515,3.7973,0.82677464,0.84407296,1.54E-10,1.59E-10,1.37E-09,0.490684008,0.184359058
ep-974923,FC(F)C(F)(F)OC(F)(F)C(F)(F)OC(F)(F)C(F)(F)F,-0.646093401,-2.098431516,-2.092325406,4.616682731,-11.02605118,0.922465782,-12.7953351,-3.694216949,-1.769283928,2.4223,2.8048,0.49599652,0.81212741,2.91E-10,2.84E-10,1.63E-09,0.506274987,0.188321692
ep-974925,FC(OC(F)(F)C(F)(F)F)C(F)(F)OC(F)(F)C(F)(F)F,-0.397114716,-2.122523358,-2.114408059,4.531783225,-10.79693136,1.508871021,-12.15287442,-3.022912204,-1.355943065,4.1873,6.8101,0.47780085,0.71106124,1.46E-10,1.39E-10,1.53E-09,0.511861967,0.318948065
